{"Episode/rew_tracking_lin_vel": 0.0388159342110157, "Episode/rew_tracking_ang_vel": 0.01110059954226017, "Episode/rew_lin_vel_z": -0.030475888401269913, "Episode/rew_ang_vel_xy": -0.004254523199051619, "Episode/rew_torques": -0.04738817736506462, "Episode/rew_dof_acc": -0.0008356347680091858, "Episode/rew_feet_air_time": -0.007106666918843985, "Episode/rew_collision": 0.0, "Episode/rew_action_rate": -0.0655829980969429, "Episode/rew_dof_pos_limits": -0.0006934006232768297, "Episode/terrain_level": 0.32500001788139343, "Episode/max_command_x": 1.0, "Loss/value_function": 0.18030468756332993, "Loss/surrogate": 30.691940952837466, "Loss/hist_latent_loss": 2.588018000125885, "Loss/priv_reg_loss": 2.4227190613746643, "Loss/priv_ref_lambda": 0.0, "Loss/learning_rate": 0.0002, "Policy/leg_mean_noise_std": 0.9375958442687988, "Policy/noise_std_dist": {"_type": "histogram", "values": [1, 1, 1, 1, 0, 0, 0, 0, 0, 0, 0, 0, 0, 0, 0, 0, 0, 0, 0, 0, 0, 0, 0, 0, 0, 0, 0, 0, 0, 0, 0, 0, 0, 0, 0, 0, 0, 0, 0, 0, 0, 0, 0, 0, 0, 0, 0, 0, 0, 0, 0, 0, 0, 0, 0, 0, 0, 0, 0, 0, 0, 1, 3, 4], "bins": [0.7995023131370544, 0.802746593952179, 0.8059908747673035, 0.8092352151870728, 0.8124794960021973, 0.8157237768173218, 0.8189680576324463, 0.8222123980522156, 0.8254566788673401, 0.8287009596824646, 0.8319452404975891, 0.8351895809173584, 0.8384338617324829, 0.8416781425476074, 0.8449224233627319, 0.8481667637825012, 0.8514110445976257, 0.8546553254127502, 0.8578996062278748, 0.8611438870429993, 0.8643882274627686, 0.8676325082778931, 0.8708767890930176, 0.8741210699081421, 0.8773654103279114, 0.8806096911430359, 0.8838539719581604, 0.8870982527732849, 0.8903425931930542, 0.8935868740081787, 0.8968311548233032, 0.9000754356384277, 0.9033197164535522, 0.9065640568733215, 0.909808337688446, 0.9130526185035706, 0.9162968993186951, 0.9195412397384644, 0.9227855205535889, 0.9260298013687134, 0.9292740821838379, 0.9325184226036072, 0.9357627034187317, 0.9390069842338562, 0.9422512650489807, 0.94549560546875, 0.9487398862838745, 0.951984167098999, 0.9552284479141235, 0.958472728729248, 0.9617170691490173, 0.9649613499641418, 0.9682056307792664, 0.9714499115943909, 0.9746942520141602, 0.9779385328292847, 0.9811828136444092, 0.9844270944595337, 0.987671434879303, 0.9909157156944275, 0.994159996509552, 0.9974042773246765, 1.0006486177444458, 1.0038928985595703, 1.0071371793746948]}, "Perf/total_fps": 37, "Perf/collection time": 0.9763412475585938, "Perf/learning_time": 0.09190654754638672, "_timestamp": 1742488424, "_runtime": 7, "_step": 3, "Train/mean_reward": -0.9756946563720703, "Train/mean_episode_length": 148.0, "Train/dones": 0.01, "_wandb": {"runtime": 11}}