{"Episode/rew_tracking_lin_vel": 5.3056115575600415e-05, "Episode/rew_tracking_ang_vel": 6.567333912244067e-05, "Episode/rew_lin_vel_z": -0.0001588025043020025, "Episode/rew_ang_vel_xy": -1.914479298648075e-06, "Episode/rew_torques": -0.00025306452880613506, "Episode/rew_dof_acc": -5.1690417421923485e-06, "Episode/rew_feet_air_time": 0.0, "Episode/rew_collision": 0.0, "Episode/rew_action_rate": -0.0003219058271497488, "Episode/rew_dof_pos_limits": -0.00015079003060236573, "Episode/terrain_level": 0.0, "Episode/max_command_x": 1.0, "Loss/value_function": 0.0003131368008325808, "Loss/surrogate": 21.325282360520212, "Loss/hist_latent_loss": 3.0366050481796263, "Loss/priv_reg_loss": 2.905064582824707, "Loss/priv_ref_lambda": 0.0, "Loss/learning_rate": 0.0002, "Policy/leg_mean_noise_std": 0.9467159509658813, "Policy/noise_std_dist": {"_type": "histogram", "values": [2, 1, 0, 1, 0, 0, 0, 0, 0, 0, 0, 0, 0, 0, 0, 0, 0, 0, 0, 0, 0, 0, 0, 0, 0, 0, 0, 0, 0, 0, 0, 0, 0, 0, 0, 0, 0, 0, 0, 0, 0, 0, 0, 0, 0, 0, 0, 0, 0, 0, 0, 0, 0, 0, 0, 0, 0, 0, 1, 2, 1, 0, 1, 3], "bins": [0.8128969073295593, 0.8161352872848511, 0.8193737268447876, 0.8226121068000793, 0.8258505463600159, 0.8290889263153076, 0.8323273658752441, 0.8355657458305359, 0.8388041257858276, 0.8420425653457642, 0.8452809453010559, 0.8485193848609924, 0.8517577648162842, 0.8549961447715759, 0.8582345843315125, 0.8614729642868042, 0.8647114038467407, 0.8679497838020325, 0.871188223361969, 0.8744266033172607, 0.8776649832725525, 0.880903422832489, 0.8841418027877808, 0.8873802423477173, 0.890618622303009, 0.8938570618629456, 0.8970954418182373, 0.900333821773529, 0.9035722613334656, 0.9068106412887573, 0.9100490808486938, 0.9132874608039856, 0.9165258407592773, 0.9197642803192139, 0.9230026602745056, 0.9262410998344421, 0.9294794797897339, 0.9327179193496704, 0.9359562993049622, 0.9391946792602539, 0.9424331188201904, 0.9456714987754822, 0.9489099383354187, 0.9521483182907104, 0.955386757850647, 0.9586251378059387, 0.9618635177612305, 0.965101957321167, 0.9683403372764587, 0.9715787768363953, 0.974817156791687, 0.9780555963516235, 0.9812939763069153, 0.984532356262207, 0.9877707958221436, 0.9910091757774353, 0.9942476153373718, 0.9974859952926636, 1.0007244348526, 1.003962755203247, 1.0072011947631836, 1.0104396343231201, 1.0136780738830566, 1.0169163942337036, 1.0201548337936401]}, "Perf/total_fps": 34, "Perf/collection time": 1.0772109031677246, "Perf/learning_time": 0.08754110336303711, "Train/mean_reward": -0.010001692398218439, "Train/mean_episode_length": 1.0, "Train/dones": 1.0, "_timestamp": 1742466094, "_runtime": 13, "_step": 7}