{"Episode/rew_lin_vel_xy": 0.13563154637813568, "Episode/rew_lin_vel_z": -0.06207979843020439, "Episode/rew_ang_vel_z": 0.02295694313943386, "Episode/rew_ang_vel_xy": -0.009124699980020523, "Episode/rew_orient": 0.0, "Episode/rew_torques": -0.02014673687517643, "Episode/rew_joint_acc": -0.00214782846160233, "Episode/rew_base_height": 0.0, "Episode/rew_air_time": 0.0, "Episode/rew_collision": 0.0, "Episode/rew_stumble": 0.0, "Episode/rew_action_rate": -0.46970829367637634, "Episode/rew_hip": 0.0, "Episode/terrain_level": 6.0, "Loss/value_function": 0.0003767632177186897, "Loss/surrogate": 293.11604007482526, "Loss/hist_latent_loss": 0.3605594918131828, "Loss/priv_reg_loss": 0.3042411684989929, "Loss/priv_ref_lambda": 0.0, "Loss/learning_rate": 0.0002, "Policy/leg_mean_noise_std": 1.449022650718689, "Policy/noise_std_dist": {"_type": "histogram", "values": [1, 0, 1, 0, 0, 0, 0, 1, 0, 1, 0, 0, 0, 0, 0, 0, 0, 0, 0, 0, 0, 0, 0, 0, 0, 0, 0, 0, 0, 0, 0, 0, 0, 0, 0, 0, 0, 0, 0, 0, 0, 0, 0, 0, 0, 0, 0, 0, 0, 0, 1, 1, 1, 1, 1, 0, 0, 0, 1, 0, 0, 1, 0, 1], "bins": [1.278991937637329, 1.2833698987960815, 1.287747859954834, 1.2921257019042969, 1.2965036630630493, 1.3008816242218018, 1.3052595853805542, 1.3096375465393066, 1.314015507698059, 1.318393349647522, 1.3227713108062744, 1.3271492719650269, 1.3315272331237793, 1.3359051942825317, 1.3402831554412842, 1.344660997390747, 1.3490389585494995, 1.353416919708252, 1.3577948808670044, 1.3621728420257568, 1.3665508031845093, 1.3709286451339722, 1.3753066062927246, 1.379684567451477, 1.3840625286102295, 1.388440489768982, 1.3928184509277344, 1.3971962928771973, 1.4015742540359497, 1.4059522151947021, 1.4103301763534546, 1.414708137512207, 1.41908597946167, 1.4234639406204224, 1.4278419017791748, 1.4322198629379272, 1.4365978240966797, 1.4409757852554321, 1.445353627204895, 1.4497315883636475, 1.4541095495224, 1.4584875106811523, 1.4628654718399048, 1.4672434329986572, 1.4716212749481201, 1.4759992361068726, 1.480377197265625, 1.4847551584243774, 1.4891331195831299, 1.4935110807418823, 1.4978889226913452, 1.5022668838500977, 1.50664484500885, 1.5110228061676025, 1.515400767326355, 1.5197787284851074, 1.5241565704345703, 1.5285345315933228, 1.5329124927520752, 1.5372904539108276, 1.54166841506958, 1.5460463762283325, 1.5504242181777954, 1.5548021793365479, 1.5591801404953003]}, "Perf/total_fps": 70, "Perf/collection time": 1.0375640392303467, "Perf/learning_time": 0.09898138046264648, "_timestamp": 1741155335, "_runtime": 203, "_step": 185, "Train/mean_reward": 1.3826429941982497, "Train/mean_episode_length": 883.875, "Train/dones": 0.0}