{"Episode/rew_tracking_lin_vel": 0.04481031745672226, "Episode/rew_tracking_ang_vel": 0.0285330917686224, "Episode/rew_lin_vel_z": -0.027163362130522728, "Episode/rew_ang_vel_xy": -0.033473365008831024, "Episode/rew_torques": -0.04914065822958946, "Episode/rew_dof_acc": -0.0009302206453867257, "Episode/rew_feet_air_time": -0.0009666667319834232, "Episode/rew_collision": -0.026333332061767578, "Episode/rew_action_rate": -0.06341519951820374, "Episode/rew_dof_pos_limits": -0.043210577219724655, "Episode/terrain_level": 0.0, "Episode/max_command_x": 1.0, "Loss/value_function": 0.02620303463190794, "Loss/surrogate": 354.2626834869385, "Loss/hist_latent_loss": 2.1256731510162354, "Loss/priv_reg_loss": 4.054221844673156, "Loss/priv_ref_lambda": 0.0, "Loss/learning_rate": 0.0002, "Policy/leg_mean_noise_std": 1.0556726455688477, "Policy/noise_std_dist": {"_type": "histogram", "values": [3, 1, 0, 0, 0, 0, 0, 0, 0, 0, 0, 0, 0, 0, 0, 0, 0, 0, 0, 0, 0, 0, 0, 0, 0, 0, 0, 0, 0, 0, 0, 0, 0, 0, 0, 0, 0, 0, 0, 0, 0, 0, 0, 0, 0, 0, 0, 0, 0, 0, 0, 0, 0, 0, 0, 0, 0, 0, 0, 0, 0, 0, 3, 5], "bins": [0.9190356135368347, 0.9222673177719116, 0.9254990816116333, 0.9287307858467102, 0.9319625496864319, 0.9351942539215088, 0.9384260177612305, 0.9416577219963074, 0.944889485836029, 0.948121190071106, 0.9513529539108276, 0.9545846581459045, 0.9578163623809814, 0.9610481262207031, 0.96427983045578, 0.9675115942955017, 0.9707432985305786, 0.9739750623703003, 0.9772067666053772, 0.9804385304450989, 0.9836702346801758, 0.9869019985198975, 0.9901337027549744, 0.9933654069900513, 0.996597170829773, 0.9998288750648499, 1.0030605792999268, 1.0062923431396484, 1.0095241069793701, 1.0127558708190918, 1.015987515449524, 1.0192192792892456, 1.0224510431289673, 1.0256826877593994, 1.028914451599121, 1.0321462154388428, 1.0353779792785645, 1.0386096239089966, 1.0418413877487183, 1.04507315158844, 1.0483049154281616, 1.0515365600585938, 1.0547683238983154, 1.058000087738037, 1.0612317323684692, 1.064463496208191, 1.0676952600479126, 1.0709270238876343, 1.0741586685180664, 1.077390432357788, 1.0806221961975098, 1.0838539600372314, 1.0870856046676636, 1.0903173685073853, 1.093549132347107, 1.096780776977539, 1.1000125408172607, 1.1032443046569824, 1.106476068496704, 1.1097077131271362, 1.112939476966858, 1.1161712408065796, 1.1194030046463013, 1.1226346492767334, 1.125866413116455]}, "Perf/total_fps": 4353, "Perf/collection time": 1.0707943439483643, "Perf/learning_time": 0.10526251792907715, "_timestamp": 1741441212, "_runtime": 43, "_step": 35, "Train/mean_reward": -2.4640748488903044, "Train/mean_episode_length": 126.07, "Train/dones": 0.003203125}