{"Episode/rew_tracking_lin_vel": 0.0, "Episode/rew_tracking_ang_vel": 0.0, "Episode/rew_lin_vel_z": 0.0, "Episode/rew_ang_vel_xy": 0.0, "Episode/rew_torques": 0.0, "Episode/rew_dof_acc": 0.0, "Episode/rew_feet_air_time": 0.0, "Episode/rew_collision": 0.0, "Episode/rew_action_rate": 0.0, "Episode/rew_dof_pos_limits": 0.0, "Episode/terrain_level": 0.0, "Episode/max_command_x": 1.0, "Loss/value_function": 0.0007514467324654106, "Loss/surrogate": 18.52443645000458, "Loss/hist_latent_loss": 2.588017976284027, "Loss/priv_reg_loss": 2.5058377981185913, "Loss/priv_ref_lambda": 0.0, "Loss/learning_rate": 0.0002, "Policy/leg_mean_noise_std": 0.9524787664413452, "Policy/noise_std_dist": {"_type": "histogram", "values": [1, 1, 0, 0, 1, 0, 1, 0, 0, 0, 0, 0, 0, 0, 0, 0, 0, 0, 0, 0, 0, 0, 0, 0, 0, 0, 0, 0, 0, 0, 0, 0, 0, 0, 0, 0, 0, 0, 0, 0, 0, 0, 0, 0, 0, 0, 0, 0, 0, 0, 0, 0, 0, 0, 0, 0, 0, 0, 2, 1, 1, 1, 1, 2], "bins": [0.8082773089408875, 0.8117304444313049, 0.8151836395263672, 0.8186367750167847, 0.8220899105072021, 0.8255430459976196, 0.8289962410926819, 0.8324493765830994, 0.8359025120735168, 0.8393557071685791, 0.8428088426589966, 0.8462619781494141, 0.8497151732444763, 0.8531683087348938, 0.8566214442253113, 0.8600745797157288, 0.863527774810791, 0.8669809103012085, 0.870434045791626, 0.8738872408866882, 0.8773403763771057, 0.8807935118675232, 0.8842467069625854, 0.8876998424530029, 0.8911529779434204, 0.8946061134338379, 0.8980593085289001, 0.9015124440193176, 0.9049655795097351, 0.9084187746047974, 0.9118719100952148, 0.9153250455856323, 0.9187781810760498, 0.9222313761711121, 0.9256845116615295, 0.929137647151947, 0.9325908422470093, 0.9360439777374268, 0.9394971132278442, 0.9429503083229065, 0.946403443813324, 0.9498565793037415, 0.9533097147941589, 0.9567629098892212, 0.9602160453796387, 0.9636691808700562, 0.9671223759651184, 0.9705755114555359, 0.9740286469459534, 0.9774818420410156, 0.9809349775314331, 0.9843881130218506, 0.9878412485122681, 0.9912944436073303, 0.9947475790977478, 0.9982007145881653, 1.0016539096832275, 1.005107045173645, 1.0085601806640625, 1.01201331615448, 1.0154664516448975, 1.0189197063446045, 1.022372841835022, 1.0258259773254395, 1.029279112815857]}, "Perf/total_fps": 35, "Perf/collection time": 1.0487933158874512, "Perf/learning_time": 0.09328985214233398, "_timestamp": 1742487938, "_runtime": 16, "_step": 10}