{"Episode/rew_tracking_lin_vel": 0.012532608583569527, "Episode/rew_tracking_ang_vel": 0.008206225000321865, "Episode/rew_lin_vel_z": -0.029640519991517067, "Episode/rew_ang_vel_xy": -0.03587162122130394, "Episode/rew_torques": -0.024253271520137787, "Episode/rew_dof_acc": -0.0007014463772065938, "Episode/rew_feet_air_time": -0.0002462227421347052, "Episode/rew_collision": -0.050127752125263214, "Episode/rew_action_rate": -0.03808123618364334, "Episode/rew_dof_pos_limits": -0.012881218455731869, "Episode/terrain_level": 0.0, "Episode/max_command_x": 1.0, "Loss/value_function": 0.023221670370548963, "Loss/surrogate": 760.8377487182618, "Loss/hist_latent_loss": 2.1256731510162354, "Loss/priv_reg_loss": 4.046656203269959, "Loss/priv_ref_lambda": 0.0, "Loss/learning_rate": 0.0002, "Policy/leg_mean_noise_std": 1.0351166725158691, "Policy/noise_std_dist": {"_type": "histogram", "values": [4, 0, 0, 0, 0, 0, 0, 0, 0, 0, 0, 0, 0, 0, 0, 0, 0, 0, 0, 0, 0, 0, 0, 0, 0, 0, 0, 0, 0, 0, 0, 0, 0, 0, 0, 0, 0, 0, 0, 0, 0, 0, 0, 0, 0, 0, 0, 0, 0, 0, 0, 0, 0, 0, 0, 0, 0, 0, 0, 0, 0, 0, 2, 6], "bins": [0.8984860777854919, 0.90170818567276, 0.9049303531646729, 0.9081524610519409, 0.9113746285438538, 0.9145967364311218, 0.9178188443183899, 0.9210410118103027, 0.9242631196975708, 0.9274852871894836, 0.9307073950767517, 0.9339295029640198, 0.9371516704559326, 0.9403737783432007, 0.9435958862304688, 0.9468180537223816, 0.9500401616096497, 0.9532623291015625, 0.9564844369888306, 0.9597065448760986, 0.9629287123680115, 0.9661508202552795, 0.9693729877471924, 0.9725950956344604, 0.9758172035217285, 0.9790393710136414, 0.9822614789009094, 0.9854836463928223, 0.9887057542800903, 0.9919278621673584, 0.9951500296592712, 0.9983721375465393, 1.0015943050384521, 1.0048164129257202, 1.0080385208129883, 1.0112606287002563, 1.014482855796814, 1.017704963684082, 1.02092707157135, 1.0241491794586182, 1.0273712873458862, 1.0305935144424438, 1.033815622329712, 1.03703773021698, 1.040259838104248, 1.0434819459915161, 1.0467040538787842, 1.0499262809753418, 1.0531483888626099, 1.056370496749878, 1.059592604637146, 1.062814712524414, 1.0660369396209717, 1.0692590475082397, 1.0724811553955078, 1.0757032632827759, 1.078925371170044, 1.0821475982666016, 1.0853697061538696, 1.0885918140411377, 1.0918139219284058, 1.0950360298156738, 1.0982582569122314, 1.1014803647994995, 1.1047024726867676]}, "Perf/total_fps": 2443, "Perf/collection time": 1.9840781688690186, "Perf/learning_time": 0.11087465286254883, "_timestamp": 1741440959, "_runtime": 62, "_step": 31, "Train/mean_reward": -2.74834381043911, "Train/mean_episode_length": 187.45, "Train/dones": 0.004296875}