{"Episode/rew_tracking_lin_vel": 0.0, "Episode/rew_tracking_ang_vel": 0.0, "Episode/rew_lin_vel_z": 0.0, "Episode/rew_ang_vel_xy": 0.0, "Episode/rew_torques": 0.0, "Episode/rew_dof_acc": 0.0, "Episode/rew_feet_air_time": 0.0, "Episode/rew_collision": 0.0, "Episode/rew_action_rate": 0.0, "Episode/rew_dof_pos_limits": 0.0, "Episode/terrain_level": 0.0, "Episode/max_command_x": 1.0, "Loss/value_function": 0.00022613015589740827, "Loss/surrogate": 7142.859406048059, "Loss/hist_latent_loss": 2.5880188941955566, "Loss/priv_reg_loss": 2.506328821182251, "Loss/priv_ref_lambda": 0.0, "Loss/learning_rate": 0.0002, "Policy/leg_mean_noise_std": 0.9455446004867554, "Policy/noise_std_dist": {"_type": "histogram", "values": [2, 1, 1, 0, 0, 0, 0, 0, 0, 0, 0, 0, 0, 0, 0, 0, 0, 0, 0, 0, 0, 0, 0, 0, 0, 0, 0, 0, 0, 0, 0, 0, 0, 0, 0, 0, 0, 0, 0, 0, 0, 0, 0, 0, 0, 0, 0, 0, 0, 0, 0, 0, 0, 0, 0, 0, 0, 0, 0, 2, 3, 0, 2, 1], "bins": [0.8063511848449707, 0.8097297549247742, 0.8131083846092224, 0.8164869546890259, 0.8198655247688293, 0.8232441544532776, 0.826622724533081, 0.8300012946128845, 0.833379864692688, 0.8367584943771362, 0.8401370644569397, 0.8435156345367432, 0.8468942642211914, 0.8502728343009949, 0.8536514043807983, 0.8570300340652466, 0.86040860414505, 0.8637871742248535, 0.8671658039093018, 0.8705443739891052, 0.8739229440689087, 0.8773015737533569, 0.8806801438331604, 0.8840587139129639, 0.8874373435974121, 0.8908159136772156, 0.894194483757019, 0.8975730538368225, 0.9009516835212708, 0.9043302536010742, 0.9077088236808777, 0.9110874533653259, 0.9144660234451294, 0.9178445935249329, 0.9212232232093811, 0.9246017932891846, 0.927980363368988, 0.9313589930534363, 0.9347375631332397, 0.9381161332130432, 0.9414947032928467, 0.9448733329772949, 0.9482519030570984, 0.9516304731369019, 0.9550091028213501, 0.9583876729011536, 0.961766242980957, 0.9651448726654053, 0.9685234427452087, 0.9719020128250122, 0.9752806425094604, 0.9786592125892639, 0.9820377826690674, 0.9854164123535156, 0.9887949824333191, 0.9921735525131226, 0.9955521821975708, 0.9989307522773743, 1.0023093223571777, 1.005687952041626, 1.0090664625167847, 1.012445092201233, 1.0158237218856812, 1.0192022323608398, 1.022580862045288]}, "Perf/total_fps": 25, "Perf/collection time": 1.4308421611785889, "Perf/learning_time": 0.11399364471435547, "_timestamp": 1742468156, "_runtime": 15, "_step": 7}