{"Episode/rew_lin_vel_xy": 0.021433301270008087, "Episode/rew_lin_vel_z": -0.0575549490749836, "Episode/rew_ang_vel_z": 0.012153880670666695, "Episode/rew_ang_vel_xy": -0.02308470942080021, "Episode/rew_orient": 0.0, "Episode/rew_torques": -0.01180872693657875, "Episode/rew_joint_acc": -0.0006871822406537831, "Episode/rew_base_height": 0.0, "Episode/rew_air_time": 0.0, "Episode/rew_collision": 0.0, "Episode/rew_stumble": 0.0, "Episode/rew_action_rate": -0.19071942567825317, "Episode/rew_hip": 0.0, "Episode/terrain_level": 6.0, "Loss/value_function": 0.002414073358522728, "Loss/surrogate": 219.94236776828765, "Loss/hist_latent_loss": 0.5037666007876396, "Loss/priv_reg_loss": 0.6324047416448593, "Loss/priv_ref_lambda": 0.0, "Loss/learning_rate": 0.0002, "Policy/leg_mean_noise_std": 1.0163350105285645, "Policy/noise_std_dist": {"_type": "histogram", "values": [3, 0, 1, 0, 0, 0, 0, 0, 0, 0, 0, 0, 0, 0, 0, 0, 0, 0, 0, 0, 0, 0, 0, 0, 0, 0, 0, 0, 0, 0, 0, 0, 0, 0, 0, 0, 0, 0, 0, 0, 0, 0, 0, 0, 0, 0, 0, 0, 0, 0, 0, 0, 0, 0, 0, 0, 1, 1, 1, 0, 3, 1, 0, 1], "bins": [0.8797199726104736, 0.8831204175949097, 0.8865209221839905, 0.8899213671684265, 0.8933218717575073, 0.8967223167419434, 0.9001228213310242, 0.9035232663154602, 0.906923770904541, 0.910324215888977, 0.9137246608734131, 0.9171251654624939, 0.9205256104469299, 0.9239261150360107, 0.9273265600204468, 0.9307270646095276, 0.9341275095939636, 0.9375279545783997, 0.9409284591674805, 0.9443289041519165, 0.9477294087409973, 0.9511298537254333, 0.9545303583145142, 0.9579308032989502, 0.9613312482833862, 0.964731752872467, 0.9681321978569031, 0.9715327024459839, 0.9749331474304199, 0.9783336520195007, 0.9817340970039368, 0.9851346015930176, 0.9885350465774536, 0.9919354915618896, 0.9953359961509705, 0.9987364411354065, 1.0021369457244873, 1.0055373907089233, 1.0089378356933594, 1.012338399887085, 1.015738844871521, 1.019139289855957, 1.022539734840393, 1.025940179824829, 1.0293407440185547, 1.0327411890029907, 1.0361416339874268, 1.0395420789718628, 1.0429425239562988, 1.0463430881500244, 1.0497435331344604, 1.0531439781188965, 1.0565444231033325, 1.059944987297058, 1.0633454322814941, 1.0667458772659302, 1.0701463222503662, 1.0735467672348022, 1.0769473314285278, 1.0803477764129639, 1.0837482213974, 1.087148666381836, 1.0905492305755615, 1.0939496755599976, 1.0973501205444336]}, "Perf/total_fps": 59, "Perf/collection time": 1.2288215160369873, "Perf/learning_time": 0.12122464179992676, "_timestamp": 1741155441, "_runtime": 51, "_step": 35, "Train/mean_reward": 1.4104545712471008, "Train/mean_episode_length": 640.75, "Train/dones": 0.0}