{"Episode/rew_tracking_lin_vel": 0.7849240303039551, "Episode/rew_tracking_ang_vel": 0.09544702619314194, "Episode/rew_lin_vel_z": -0.2602698802947998, "Episode/rew_ang_vel_xy": -0.02325468882918358, "Episode/rew_torques": -0.13547618687152863, "Episode/rew_dof_acc": -0.005106763448566198, "Episode/rew_feet_air_time": 0.0, "Episode/rew_collision": -1.0066660642623901, "Episode/rew_action_rate": -0.2293839305639267, "Episode/rew_dof_pos_limits": -0.0009628256666474044, "Episode/terrain_level": 1.0, "Episode/max_command_x": 1.0, "Loss/value_function": 4924.876989746093, "Loss/surrogate": 13.487036955356597, "Loss/hist_latent_loss": 2.588017976284027, "Loss/priv_reg_loss": 4.1907442808151245, "Loss/priv_ref_lambda": 0.0, "Loss/learning_rate": 0.0002, "Policy/leg_mean_noise_std": 0.9554097056388855, "Policy/noise_std_dist": {"_type": "histogram", "values": [1, 2, 0, 0, 1, 0, 0, 0, 0, 0, 0, 0, 0, 0, 0, 0, 0, 0, 0, 0, 0, 0, 0, 0, 0, 0, 0, 0, 0, 0, 0, 0, 0, 0, 0, 0, 0, 0, 0, 0, 0, 0, 0, 0, 0, 0, 0, 0, 0, 0, 0, 0, 0, 0, 0, 0, 0, 3, 3, 0, 0, 1, 0, 1], "bins": [0.8189519643783569, 0.8223538994789124, 0.8257558345794678, 0.8291577696800232, 0.8325597047805786, 0.8359616994857788, 0.8393636345863342, 0.8427655696868896, 0.8461675047874451, 0.8495694398880005, 0.8529713749885559, 0.8563733100891113, 0.8597753047943115, 0.8631772398948669, 0.8665791749954224, 0.8699811100959778, 0.8733830451965332, 0.8767849802970886, 0.880186915397644, 0.8835888504981995, 0.8869907855987549, 0.8903927803039551, 0.8937947154045105, 0.8971966505050659, 0.9005985856056213, 0.9040005207061768, 0.9074024558067322, 0.9108043909072876, 0.9142063856124878, 0.9176083207130432, 0.9210102558135986, 0.924412190914154, 0.9278141260147095, 0.9312160611152649, 0.9346179962158203, 0.9380199313163757, 0.9414218664169312, 0.9448238611221313, 0.9482257962226868, 0.9516277313232422, 0.9550296664237976, 0.958431601524353, 0.9618335366249084, 0.9652354717254639, 0.9686374664306641, 0.9720394015312195, 0.9754413366317749, 0.9788432717323303, 0.9822452068328857, 0.9856471419334412, 0.9890490770339966, 0.992451012134552, 0.9958529472351074, 0.9992549419403076, 1.0026568174362183, 1.0060588121414185, 1.009460687637329, 1.0128626823425293, 1.0162646770477295, 1.0196665525436401, 1.0230685472488403, 1.026470422744751, 1.0298724174499512, 1.0332742929458618, 1.036676287651062]}, "Perf/total_fps": 31, "Perf/collection time": 1.0157451629638672, "Perf/learning_time": 0.24199366569519043, "_timestamp": 1742488633, "_runtime": 19, "_step": 13, "Train/mean_reward": -2.8852790892124176, "Train/mean_episode_length": 124.0, "Train/dones": 0.01}