{"Episode/rew_tracking_lin_vel": 5.648158912663348e-05, "Episode/rew_tracking_ang_vel": 0.00010705828026402742, "Episode/rew_lin_vel_z": -0.00015911196533124894, "Episode/rew_ang_vel_xy": -3.5423706776782637e-06, "Episode/rew_torques": -0.00018442465807311237, "Episode/rew_dof_acc": -5.537535344046773e-06, "Episode/rew_feet_air_time": 0.0, "Episode/rew_collision": 0.0, "Episode/rew_action_rate": -0.00025550552527420223, "Episode/rew_dof_pos_limits": -0.00017649137589614838, "Episode/terrain_level": 0.0, "Episode/max_command_x": 1.0, "Loss/value_function": 0.0, "Loss/surrogate": 0.0, "Loss/hist_latent_loss": 3.0366050481796263, "Loss/priv_reg_loss": 0.0, "Loss/priv_ref_lambda": 0.0, "Loss/learning_rate": 0.0002, "Policy/leg_mean_noise_std": 0.9333333373069763, "Policy/noise_std_dist": {"_type": "histogram", "values": [4, 0, 0, 0, 0, 0, 0, 0, 0, 0, 0, 0, 0, 0, 0, 0, 0, 0, 0, 0, 0, 0, 0, 0, 0, 0, 0, 0, 0, 0, 0, 0, 0, 0, 0, 0, 0, 0, 0, 0, 0, 0, 0, 0, 0, 0, 0, 0, 0, 0, 0, 0, 0, 0, 0, 0, 0, 0, 0, 0, 0, 0, 0, 8], "bins": [0.800000011920929, 0.8031250238418579, 0.8062500357627869, 0.809374988079071, 0.8125, 0.815625011920929, 0.8187500238418579, 0.8218750357627869, 0.824999988079071, 0.828125, 0.831250011920929, 0.8343750238418579, 0.8375000357627869, 0.840624988079071, 0.84375, 0.846875011920929, 0.8500000238418579, 0.8531250357627869, 0.856249988079071, 0.859375, 0.862500011920929, 0.8656250238418579, 0.8687500357627869, 0.871874988079071, 0.875, 0.878125011920929, 0.8812500238418579, 0.8843750357627869, 0.887499988079071, 0.890625, 0.893750011920929, 0.8968750238418579, 0.8999999761581421, 0.903124988079071, 0.90625, 0.909375011920929, 0.9125000238418579, 0.9156249761581421, 0.918749988079071, 0.921875, 0.925000011920929, 0.9281250238418579, 0.9312499761581421, 0.934374988079071, 0.9375, 0.940625011920929, 0.9437500238418579, 0.9468749761581421, 0.949999988079071, 0.953125, 0.956250011920929, 0.9593750238418579, 0.9624999761581421, 0.965624988079071, 0.96875, 0.971875011920929, 0.9750000238418579, 0.9781249761581421, 0.981249988079071, 0.984375, 0.987500011920929, 0.9906250238418579, 0.9937499761581421, 0.996874988079071, 1.0]}, "Perf/total_fps": 21, "Perf/collection time": 1.67439603805542, "Perf/learning_time": 0.18677020072937012, "Train/mean_reward": -0.009316102183947805, "Train/mean_episode_length": 1.0, "Train/dones": 1.0, "_timestamp": 1742466159, "_runtime": 5, "_step": 0}