{"Episode/rew_tracking_lin_vel": 0.04623817279934883, "Episode/rew_tracking_ang_vel": 0.009213319979608059, "Episode/rew_lin_vel_z": -0.026154769584536552, "Episode/rew_ang_vel_xy": -0.02777857892215252, "Episode/rew_torques": -0.02273785136640072, "Episode/rew_dof_acc": -0.0009557129815220833, "Episode/rew_feet_air_time": -0.00032133335480466485, "Episode/rew_collision": -0.00016666666488163173, "Episode/rew_action_rate": -0.04153266176581383, "Episode/rew_dof_pos_limits": -0.00044688661000691354, "Episode/terrain_level": 0.0, "Episode/max_command_x": 1.0, "Loss/value_function": 0.016895172838121652, "Loss/surrogate": 2888.936528015137, "Loss/hist_latent_loss": 4.691876840591431, "Loss/priv_reg_loss": 4.2636154890060425, "Loss/priv_ref_lambda": 0.0, "Loss/learning_rate": 0.0002, "Policy/leg_mean_noise_std": 1.2000021934509277, "Policy/noise_std_dist": {"_type": "histogram", "values": [1, 2, 1, 0, 0, 0, 0, 0, 0, 0, 0, 0, 0, 0, 0, 0, 0, 0, 0, 0, 0, 0, 0, 0, 0, 0, 0, 0, 0, 0, 0, 0, 0, 0, 0, 0, 0, 0, 0, 0, 0, 0, 0, 0, 0, 0, 0, 0, 0, 0, 0, 0, 0, 0, 0, 0, 0, 0, 0, 0, 0, 0, 2, 6], "bins": [1.0601388216018677, 1.0634169578552246, 1.0666950941085815, 1.0699732303619385, 1.0732513666152954, 1.0765295028686523, 1.0798076391220093, 1.0830857753753662, 1.0863639116287231, 1.08964204788208, 1.092920184135437, 1.096198320388794, 1.0994764566421509, 1.1027545928955078, 1.1060327291488647, 1.1093108654022217, 1.1125890016555786, 1.1158671379089355, 1.1191452741622925, 1.1224234104156494, 1.1257015466690063, 1.1289796829223633, 1.1322578191757202, 1.1355359554290771, 1.138814091682434, 1.142092227935791, 1.145370364189148, 1.1486485004425049, 1.1519266366958618, 1.1552047729492188, 1.1584829092025757, 1.1617610454559326, 1.165039300918579, 1.168317437171936, 1.171595573425293, 1.17487370967865, 1.1781518459320068, 1.1814299821853638, 1.1847081184387207, 1.1879862546920776, 1.1912643909454346, 1.1945425271987915, 1.1978206634521484, 1.2010987997055054, 1.2043769359588623, 1.2076550722122192, 1.2109332084655762, 1.214211344718933, 1.21748948097229, 1.220767617225647, 1.224045753479004, 1.2273238897323608, 1.2306020259857178, 1.2338801622390747, 1.2371582984924316, 1.2404364347457886, 1.2437145709991455, 1.2469927072525024, 1.2502708435058594, 1.2535489797592163, 1.2568271160125732, 1.2601052522659302, 1.263383388519287, 1.266661524772644, 1.269939661026001]}, "Perf/total_fps": 2237, "Perf/collection time": 2.1611032485961914, "Perf/learning_time": 0.1271514892578125, "_timestamp": 1741440874, "_runtime": 143, "_step": 68, "Train/mean_reward": -2.746542908847332, "Train/mean_episode_length": 190.72, "Train/dones": 0.00265625}