{"Episode/rew_tracking_lin_vel": 0.001886326470412314, "Episode/rew_tracking_ang_vel": 0.0909142792224884, "Episode/rew_lin_vel_z": -0.3250344693660736, "Episode/rew_ang_vel_xy": -0.0793045237660408, "Episode/rew_torques": -0.09769564121961594, "Episode/rew_dof_acc": -0.003307560458779335, "Episode/rew_feet_air_time": -0.0163200031965971, "Episode/rew_collision": -1.1346664428710938, "Episode/rew_action_rate": -0.15522752702236176, "Episode/rew_dof_pos_limits": -0.0020070720929652452, "Episode/terrain_level": 0.75, "Episode/max_command_x": 1.0, "Loss/value_function": 10.741032761335372, "Loss/surrogate": 183.0979229569435, "Loss/hist_latent_loss": 2.8862801074981688, "Loss/priv_reg_loss": 2.8576629757881165, "Loss/priv_ref_lambda": 0.0, "Loss/learning_rate": 0.0002, "Policy/leg_mean_noise_std": 0.9924206137657166, "Policy/noise_std_dist": {"_type": "histogram", "values": [2, 2, 0, 0, 0, 0, 0, 0, 0, 0, 0, 0, 0, 0, 0, 0, 0, 0, 0, 0, 0, 0, 0, 0, 0, 0, 0, 0, 0, 0, 0, 0, 0, 0, 0, 0, 0, 0, 0, 0, 0, 0, 0, 0, 0, 0, 0, 0, 0, 0, 0, 0, 0, 0, 0, 0, 0, 0, 0, 0, 0, 1, 3, 4], "bins": [0.8542235493659973, 0.8575001358985901, 0.8607767224311829, 0.8640533089637756, 0.8673298954963684, 0.8706064820289612, 0.873883068561554, 0.8771597146987915, 0.8804363012313843, 0.883712887763977, 0.8869894742965698, 0.8902660608291626, 0.8935426473617554, 0.8968192338943481, 0.9000958204269409, 0.9033724069595337, 0.9066489934921265, 0.9099255800247192, 0.913202166557312, 0.9164787530899048, 0.9197553992271423, 0.9230319857597351, 0.9263085722923279, 0.9295851588249207, 0.9328617453575134, 0.9361383318901062, 0.939414918422699, 0.9426915049552917, 0.9459680914878845, 0.9492446780204773, 0.9525212645530701, 0.9557978510856628, 0.9590744972229004, 0.9623510837554932, 0.9656276702880859, 0.9689042568206787, 0.9721808433532715, 0.9754574298858643, 0.978734016418457, 0.9820106029510498, 0.9852871894836426, 0.9885637760162354, 0.9918403625488281, 0.9951169490814209, 0.9983935356140137, 1.0016701221466064, 1.0049467086791992, 1.008223295211792, 1.0114998817443848, 1.0147764682769775, 1.0180530548095703, 1.021329641342163, 1.0246063470840454, 1.0278829336166382, 1.031159520149231, 1.0344361066818237, 1.0377126932144165, 1.0409892797470093, 1.044265866279602, 1.0475424528121948, 1.0508190393447876, 1.0540956258773804, 1.0573722124099731, 1.060648798942566, 1.0639253854751587]}, "Perf/total_fps": 253, "Perf/collection time": 1.1630911827087402, "Perf/learning_time": 0.09800457954406738, "_timestamp": 1742489207, "_runtime": 29, "_step": 21, "Train/mean_reward": -5.618893217581969, "Train/mean_episode_length": 120.13461538461539, "Train/dones": 0.00375}