{"Episode/rew_tracking_lin_vel": 0.02129184640944004, "Episode/rew_tracking_ang_vel": 0.0025948442053049803, "Episode/rew_lin_vel_z": -0.01872188411653042, "Episode/rew_ang_vel_xy": -0.031153583899140358, "Episode/rew_torques": -0.025578025728464127, "Episode/rew_dof_acc": -0.0007366595091298223, "Episode/rew_feet_air_time": -0.0024320001248270273, "Episode/rew_collision": -0.04013333469629288, "Episode/rew_action_rate": -0.03658537194132805, "Episode/rew_dof_pos_limits": -0.0002540901186875999, "Episode/terrain_level": 0.0, "Episode/max_command_x": 1.0, "Loss/value_function": 0.008548563858494163, "Loss/surrogate": 155.3982135772705, "Loss/hist_latent_loss": 0.9336088240146637, "Loss/priv_reg_loss": 1.073373156785965, "Loss/priv_ref_lambda": 0.0, "Loss/learning_rate": 0.0002, "Policy/leg_mean_noise_std": 0.9527215957641602, "Policy/noise_std_dist": {"_type": "histogram", "values": [2, 2, 0, 0, 0, 0, 0, 0, 0, 0, 0, 0, 0, 0, 0, 0, 0, 0, 0, 0, 0, 0, 0, 0, 0, 0, 0, 0, 0, 0, 0, 0, 0, 0, 0, 0, 0, 0, 0, 0, 0, 0, 0, 0, 0, 0, 0, 0, 0, 0, 0, 0, 0, 0, 0, 0, 0, 0, 0, 0, 0, 0, 1, 7], "bins": [0.8160967826843262, 0.8193134069442749, 0.8225299715995789, 0.8257465958595276, 0.8289632201194763, 0.832179844379425, 0.835396409034729, 0.8386130332946777, 0.8418296575546265, 0.8450462222099304, 0.8482628464698792, 0.8514794707298279, 0.8546960949897766, 0.8579126596450806, 0.8611292839050293, 0.864345908164978, 0.8675625324249268, 0.8707790970802307, 0.8739957213401794, 0.8772123456001282, 0.8804289102554321, 0.8836455345153809, 0.8868621587753296, 0.8900787830352783, 0.8932953476905823, 0.896511971950531, 0.8997285962104797, 0.9029451608657837, 0.9061617851257324, 0.9093784093856812, 0.9125950336456299, 0.9158115983009338, 0.9190282225608826, 0.9222448468208313, 0.9254614114761353, 0.928678035736084, 0.9318946599960327, 0.9351112842559814, 0.9383278489112854, 0.9415444731712341, 0.9447610974311829, 0.9479776620864868, 0.9511942863464355, 0.9544109106063843, 0.957627534866333, 0.960844099521637, 0.9640607237815857, 0.9672773480415344, 0.9704939126968384, 0.9737105369567871, 0.9769271612167358, 0.9801437854766846, 0.9833603501319885, 0.9865769743919373, 0.989793598651886, 0.9930102229118347, 0.9962267875671387, 0.9994434118270874, 1.0026600360870361, 1.0058766603469849, 1.0090932846069336, 1.0123097896575928, 1.0155264139175415, 1.0187430381774902, 1.021959662437439]}, "Perf/total_fps": 534, "Perf/collection time": 0.5013678073883057, "Perf/learning_time": 0.09708786010742188, "_timestamp": 1741441447, "_runtime": 7, "_step": 6, "Train/mean_reward": -2.1042017340660095, "Train/mean_episode_length": 126.5, "Train/dones": 0.00125}