{"Episode/rew_tracking_lin_vel": 0.00012390488700475544, "Episode/rew_tracking_ang_vel": 8.759886986808851e-05, "Episode/rew_lin_vel_z": -0.00019447665545158088, "Episode/rew_ang_vel_xy": -3.1567149108013837e-06, "Episode/rew_torques": -0.00020954059436917305, "Episode/rew_dof_acc": -5.327783128450392e-06, "Episode/rew_feet_air_time": 0.0, "Episode/rew_collision": 0.0, "Episode/rew_action_rate": -0.0002926344459410757, "Episode/rew_dof_pos_limits": -0.00015842716675251722, "Episode/terrain_level": 0.0, "Episode/max_command_x": 1.0, "Loss/value_function": 0.000325685013376642, "Loss/surrogate": 7.570948886871338, "Loss/hist_latent_loss": 3.0366050481796263, "Loss/priv_reg_loss": 2.9243115186691284, "Loss/priv_ref_lambda": 0.0, "Loss/learning_rate": 0.0002, "Policy/leg_mean_noise_std": 0.9509602785110474, "Policy/noise_std_dist": {"_type": "histogram", "values": [2, 1, 1, 0, 0, 0, 0, 0, 0, 0, 0, 0, 0, 0, 0, 0, 0, 0, 0, 0, 0, 0, 0, 0, 0, 0, 0, 0, 0, 0, 0, 0, 0, 0, 0, 0, 0, 0, 0, 0, 0, 0, 0, 0, 0, 0, 0, 0, 0, 0, 0, 0, 0, 0, 0, 0, 0, 1, 0, 1, 1, 1, 1, 3], "bins": [0.817587673664093, 0.8208121657371521, 0.824036717414856, 0.827261209487915, 0.8304857015609741, 0.8337101936340332, 0.8369347453117371, 0.8401592373847961, 0.8433837294578552, 0.8466082811355591, 0.8498327732086182, 0.8530572652816772, 0.8562818169593811, 0.8595063090324402, 0.8627308011054993, 0.8659552931785583, 0.8691798448562622, 0.8724043369293213, 0.8756288290023804, 0.8788533806800842, 0.8820778727531433, 0.8853023648262024, 0.8885269165039062, 0.8917514085769653, 0.8949759006500244, 0.8982003927230835, 0.9014249444007874, 0.9046494364738464, 0.9078739285469055, 0.9110984802246094, 0.9143229722976685, 0.9175474643707275, 0.9207719564437866, 0.9239965081214905, 0.9272210001945496, 0.9304454922676086, 0.9336700439453125, 0.9368945360183716, 0.9401190280914307, 0.9433435797691345, 0.9465680718421936, 0.9497925639152527, 0.9530170559883118, 0.9562416076660156, 0.9594660997390747, 0.9626905918121338, 0.9659151434898376, 0.9691396355628967, 0.9723641276359558, 0.9755886793136597, 0.9788131713867188, 0.9820376634597778, 0.9852621555328369, 0.9884867072105408, 0.9917111992835999, 0.9949356913566589, 0.9981602430343628, 1.0013847351074219, 1.004609227180481, 1.00783371925354, 1.0110582113265991, 1.0142828226089478, 1.0175073146820068, 1.020731806755066, 1.023956298828125]}, "Perf/total_fps": 24, "Perf/collection time": 1.5143320560455322, "Perf/learning_time": 0.10026359558105469, "Train/mean_reward": -0.009920884260209277, "Train/mean_episode_length": 1.0, "Train/dones": 1.0, "_timestamp": 1742468002, "_runtime": 21, "_step": 10}