{"Episode/rew_tracking_lin_vel": 0.0, "Episode/rew_tracking_ang_vel": 0.0, "Episode/rew_lin_vel_z": 0.0, "Episode/rew_ang_vel_xy": 0.0, "Episode/rew_torques": 0.0, "Episode/rew_dof_acc": 0.0, "Episode/rew_feet_air_time": 0.0, "Episode/rew_collision": 0.0, "Episode/rew_action_rate": 0.0, "Episode/rew_dof_pos_limits": 0.0, "Episode/terrain_level": 0.0, "Episode/max_command_x": 1.0, "Loss/value_function": 0.00297055842820555, "Loss/surrogate": 38.62552198851481, "Loss/hist_latent_loss": 2.588017976284027, "Loss/priv_reg_loss": 2.4947983026504517, "Loss/priv_ref_lambda": 0.0, "Loss/learning_rate": 0.0002, "Policy/leg_mean_noise_std": 0.9367548227310181, "Policy/noise_std_dist": {"_type": "histogram", "values": [1, 1, 2, 0, 0, 0, 0, 0, 0, 0, 0, 0, 0, 0, 0, 0, 0, 0, 0, 0, 0, 0, 0, 0, 0, 0, 0, 0, 0, 0, 0, 0, 0, 0, 0, 0, 0, 0, 0, 0, 0, 0, 0, 0, 0, 0, 0, 0, 0, 0, 0, 0, 0, 0, 0, 0, 0, 0, 0, 0, 0, 0, 3, 5], "bins": [0.7983406782150269, 0.8015851378440857, 0.8048296570777893, 0.8080741167068481, 0.8113186359405518, 0.8145630955696106, 0.8178076148033142, 0.821052074432373, 0.8242965936660767, 0.8275410532951355, 0.8307855725288391, 0.834030032157898, 0.8372745513916016, 0.8405190110206604, 0.843763530254364, 0.8470079898834229, 0.8502525091171265, 0.8534969687461853, 0.8567414283752441, 0.8599859476089478, 0.8632304072380066, 0.8664749264717102, 0.869719386100769, 0.8729639053344727, 0.8762083649635315, 0.8794528841972351, 0.882697343826294, 0.8859418630599976, 0.8891863226890564, 0.89243084192276, 0.8956753015518188, 0.8989198207855225, 0.9021642804145813, 0.9054087400436401, 0.9086532592773438, 0.9118977189064026, 0.9151422381401062, 0.918386697769165, 0.9216312170028687, 0.9248756766319275, 0.9281201958656311, 0.9313646554946899, 0.9346091747283936, 0.9378536343574524, 0.941098153591156, 0.9443426132202148, 0.9475871324539185, 0.9508315920829773, 0.9540760517120361, 0.9573205709457397, 0.9605650305747986, 0.9638095498085022, 0.967054009437561, 0.9702985286712646, 0.9735429883003235, 0.9767875075340271, 0.9800319671630859, 0.9832764863967896, 0.9865209460258484, 0.989765465259552, 0.9930099248886108, 0.9962544441223145, 0.9994989037513733, 1.0027433633804321, 1.0059878826141357]}, "Perf/total_fps": 36, "Perf/collection time": 1.0035550594329834, "Perf/learning_time": 0.0887916088104248, "_timestamp": 1742488177, "_runtime": 7, "_step": 2, "_wandb": {"runtime": 10}}