{"Episode/rew_tracking_lin_vel": 0.00015852402430027723, "Episode/rew_tracking_ang_vel": 0.00014108300092630088, "Episode/rew_lin_vel_z": -0.00019583175890147686, "Episode/rew_ang_vel_xy": -4.3098611968162e-06, "Episode/rew_torques": -0.000205363190616481, "Episode/rew_dof_acc": -8.473751222481951e-06, "Episode/rew_feet_air_time": 0.0, "Episode/rew_collision": 0.0, "Episode/rew_action_rate": -0.000299686478683725, "Episode/rew_dof_pos_limits": -0.0001438175095245242, "Episode/terrain_level": 0.0, "Episode/max_command_x": 1.0, "Loss/value_function": 0.0001959749981324421, "Loss/surrogate": 519.9188868602738, "Loss/hist_latent_loss": 3.0366050481796263, "Loss/priv_reg_loss": 2.9272152185440063, "Loss/priv_ref_lambda": 0.0, "Loss/learning_rate": 0.0002, "Policy/leg_mean_noise_std": 0.9562110900878906, "Policy/noise_std_dist": {"_type": "histogram", "values": [2, 2, 0, 0, 0, 0, 0, 0, 0, 0, 0, 0, 0, 0, 0, 0, 0, 0, 0, 0, 0, 0, 0, 0, 0, 0, 0, 0, 0, 0, 0, 0, 0, 0, 0, 0, 0, 0, 0, 0, 0, 0, 0, 0, 0, 0, 0, 0, 0, 0, 0, 0, 0, 0, 1, 0, 0, 0, 1, 2, 0, 1, 2, 1], "bins": [0.8250963687896729, 0.828326404094696, 0.8315563797950745, 0.8347864151000977, 0.8380164504051208, 0.8412464261054993, 0.8444764614105225, 0.8477064967155457, 0.8509364724159241, 0.8541665077209473, 0.8573965430259705, 0.8606265187263489, 0.8638565540313721, 0.8670865893363953, 0.8703165650367737, 0.8735466003417969, 0.8767765760421753, 0.8800066113471985, 0.8832366466522217, 0.8864666223526001, 0.8896966576576233, 0.8929266929626465, 0.8961566686630249, 0.8993867039680481, 0.9026167392730713, 0.9058467149734497, 0.9090767502784729, 0.9123067855834961, 0.9155367612838745, 0.9187667965888977, 0.9219968318939209, 0.9252268075942993, 0.9284568428993225, 0.9316868782043457, 0.9349168539047241, 0.9381468892097473, 0.9413769245147705, 0.9446069002151489, 0.9478369355201721, 0.9510669708251953, 0.9542969465255737, 0.9575269818305969, 0.9607570171356201, 0.9639869928359985, 0.9672170281410217, 0.9704470634460449, 0.9736770391464233, 0.9769070744514465, 0.9801371097564697, 0.9833670854568481, 0.9865971207618713, 0.9898270964622498, 0.993057131767273, 0.9962871670722961, 0.9995171427726746, 1.0027471780776978, 1.0059771537780762, 1.0092072486877441, 1.0124372243881226, 1.015667200088501, 1.018897294998169, 1.0221272706985474, 1.0253572463989258, 1.0285873413085938, 1.0318173170089722]}, "Perf/total_fps": 33, "Perf/collection time": 1.0713586807250977, "Perf/learning_time": 0.12641143798828125, "Train/mean_reward": -0.009543299245415256, "Train/mean_episode_length": 1.0, "Train/dones": 1.0, "_timestamp": 1742465148, "_runtime": 22, "_step": 14}