{"Episode/rew_tracking_lin_vel": 0.0001841602788772434, "Episode/rew_tracking_ang_vel": 9.508398215984926e-05, "Episode/rew_lin_vel_z": -0.00015945294580888003, "Episode/rew_ang_vel_xy": -4.6722884690098e-06, "Episode/rew_torques": -0.00019835869898088276, "Episode/rew_dof_acc": -7.781941349094268e-06, "Episode/rew_feet_air_time": 0.0, "Episode/rew_collision": 0.0, "Episode/rew_action_rate": -0.0002953624352812767, "Episode/rew_dof_pos_limits": -0.00026608709595166147, "Episode/terrain_level": 0.0, "Episode/max_command_x": 1.0, "Loss/value_function": 0.00025822243951552083, "Loss/surrogate": 20.836292335391043, "Loss/hist_latent_loss": 3.0366050481796263, "Loss/priv_reg_loss": 2.946770489215851, "Loss/priv_ref_lambda": 0.0, "Loss/learning_rate": 0.0002, "Policy/leg_mean_noise_std": 0.9398133754730225, "Policy/noise_std_dist": {"_type": "histogram", "values": [3, 1, 0, 0, 0, 0, 0, 0, 0, 0, 0, 0, 0, 0, 0, 0, 0, 0, 0, 0, 0, 0, 0, 0, 0, 0, 0, 0, 0, 0, 0, 0, 0, 0, 0, 0, 0, 0, 0, 0, 0, 0, 0, 0, 0, 0, 0, 0, 0, 0, 0, 0, 0, 0, 0, 0, 0, 0, 0, 0, 1, 3, 0, 4], "bins": [0.8069871068000793, 0.8101582527160645, 0.8133293390274048, 0.8165004849433899, 0.819671630859375, 0.8228427767753601, 0.8260138630867004, 0.8291850090026855, 0.8323561549186707, 0.8355273008346558, 0.8386983871459961, 0.8418695330619812, 0.8450406789779663, 0.8482118248939514, 0.8513829112052917, 0.8545540571212769, 0.857725203037262, 0.8608962893486023, 0.8640674352645874, 0.8672385811805725, 0.8704097270965576, 0.873580813407898, 0.8767519593238831, 0.8799231052398682, 0.8830942511558533, 0.8862653374671936, 0.8894364833831787, 0.8926076292991638, 0.8957787752151489, 0.8989498615264893, 0.9021210074424744, 0.9052921533584595, 0.9084632396697998, 0.9116343855857849, 0.91480553150177, 0.9179766774177551, 0.9211477637290955, 0.9243189096450806, 0.9274900555610657, 0.9306612014770508, 0.9338322877883911, 0.9370034337043762, 0.9401745796203613, 0.9433457255363464, 0.9465168118476868, 0.9496879577636719, 0.952859103679657, 0.9560302495956421, 0.9592013359069824, 0.9623724818229675, 0.9655436277389526, 0.968714714050293, 0.9718858599662781, 0.9750570058822632, 0.9782281517982483, 0.9813992381095886, 0.9845703840255737, 0.9877415299415588, 0.990912675857544, 0.9940837621688843, 0.9972549080848694, 1.0004260540008545, 1.0035971403121948, 1.0067683458328247, 1.009939432144165]}, "Perf/total_fps": 27, "Perf/collection time": 1.3390393257141113, "Perf/learning_time": 0.1024775505065918, "Train/mean_reward": -0.009702532174997032, "Train/mean_episode_length": 1.0, "Train/dones": 1.0, "_timestamp": 1742467763, "_runtime": 9, "_step": 3}