{"Episode/rew_tracking_lin_vel": 0.0669236108660698, "Episode/rew_tracking_ang_vel": 0.0008074760553427041, "Episode/rew_lin_vel_z": -0.22880029678344727, "Episode/rew_ang_vel_xy": -0.04199380800127983, "Episode/rew_torques": -0.06055011227726936, "Episode/rew_dof_acc": -0.004047727677971125, "Episode/rew_feet_air_time": -0.025439998134970665, "Episode/rew_collision": -0.3133331537246704, "Episode/rew_action_rate": -0.08459228277206421, "Episode/rew_dof_pos_limits": -0.0062704854644834995, "Episode/terrain_level": 0.30000001192092896, "Episode/max_command_x": 1.0, "Loss/value_function": 105.93054466247558, "Loss/surrogate": 179.63748569488524, "Loss/hist_latent_loss": 4.034307777881622, "Loss/priv_reg_loss": 2.8144665360450745, "Loss/priv_ref_lambda": 0.0, "Loss/learning_rate": 0.0002, "Policy/leg_mean_noise_std": 0.9732354879379272, "Policy/noise_std_dist": {"_type": "histogram", "values": [1, 0, 1, 1, 0, 0, 1, 0, 0, 0, 0, 0, 0, 0, 0, 0, 0, 0, 0, 0, 0, 0, 0, 0, 0, 0, 0, 0, 0, 0, 0, 0, 0, 0, 0, 0, 0, 0, 0, 0, 0, 0, 0, 0, 0, 0, 0, 0, 0, 0, 1, 0, 0, 0, 0, 1, 1, 1, 2, 1, 0, 0, 0, 1], "bins": [0.8380759954452515, 0.8415098190307617, 0.8449437022209167, 0.848377525806427, 0.851811408996582, 0.8552452325820923, 0.8586791157722473, 0.8621129393577576, 0.8655468225479126, 0.8689806461334229, 0.8724145293235779, 0.8758483529090881, 0.8792822360992432, 0.8827160596847534, 0.8861499428749084, 0.8895837664604187, 0.8930176496505737, 0.896451473236084, 0.8998852968215942, 0.9033191800117493, 0.9067530035972595, 0.9101868867874146, 0.9136207103729248, 0.9170545935630798, 0.9204884171485901, 0.9239223003387451, 0.9273561239242554, 0.9307900071144104, 0.9342238306999207, 0.9376577138900757, 0.9410915374755859, 0.944525420665741, 0.9479592442512512, 0.9513930678367615, 0.9548269510269165, 0.9582607746124268, 0.9616946578025818, 0.965128481388092, 0.9685623645782471, 0.9719961881637573, 0.9754300713539124, 0.9788638949394226, 0.9822977781295776, 0.9857316017150879, 0.9891654849052429, 0.9925993084907532, 0.9960331916809082, 0.9994670152664185, 1.0029008388519287, 1.006334662437439, 1.0097686052322388, 1.013202428817749, 1.0166362524032593, 1.0200700759887695, 1.0235040187835693, 1.0269378423690796, 1.0303716659545898, 1.0338054895401, 1.0372394323349, 1.0406732559204102, 1.0441070795059204, 1.0475409030914307, 1.0509748458862305, 1.0544086694717407, 1.057842493057251]}, "Perf/total_fps": 34, "Perf/collection time": 1.0877430438995361, "Perf/learning_time": 0.08646702766418457, "_timestamp": 1742488355, "_runtime": 30, "_step": 23, "Train/mean_reward": -3.04914813041687, "Train/mean_episode_length": 94.5, "Train/dones": 0.02}