{"Episode/rew_tracking_lin_vel": 0.0003129530232399702, "Episode/rew_tracking_ang_vel": 0.0257782693952322, "Episode/rew_lin_vel_z": -0.133054718375206, "Episode/rew_ang_vel_xy": -0.020984021946787834, "Episode/rew_torques": -0.17738716304302216, "Episode/rew_dof_acc": -0.0054728868417441845, "Episode/rew_feet_air_time": -0.04426666721701622, "Episode/rew_collision": 0.0, "Episode/rew_action_rate": -0.21221904456615448, "Episode/rew_dof_pos_limits": 0.0, "Episode/terrain_level": 0.0, "Episode/max_command_x": 1.0, "Loss/value_function": 3653.702111816406, "Loss/surrogate": 51.142905580997464, "Loss/hist_latent_loss": 2.588018000125885, "Loss/priv_reg_loss": 3.8087076544761658, "Loss/priv_ref_lambda": 0.0, "Loss/learning_rate": 0.0002, "Policy/leg_mean_noise_std": 0.963312029838562, "Policy/noise_std_dist": {"_type": "histogram", "values": [2, 0, 1, 0, 1, 0, 0, 0, 0, 0, 0, 0, 0, 0, 0, 0, 0, 0, 0, 0, 0, 0, 0, 0, 0, 0, 0, 0, 0, 0, 0, 0, 0, 0, 0, 0, 0, 0, 0, 0, 0, 0, 0, 0, 0, 0, 0, 0, 0, 0, 0, 0, 0, 0, 0, 0, 0, 1, 1, 2, 0, 1, 1, 2], "bins": [0.8232383728027344, 0.8266372084617615, 0.8300360441207886, 0.8334348797798157, 0.8368337154388428, 0.8402324914932251, 0.8436313271522522, 0.8470301628112793, 0.8504289984703064, 0.8538278341293335, 0.8572266697883606, 0.8606255054473877, 0.86402428150177, 0.8674231171607971, 0.8708219528198242, 0.8742207884788513, 0.8776196241378784, 0.8810184597969055, 0.8844172954559326, 0.8878161311149597, 0.8912149667739868, 0.8946137428283691, 0.8980125784873962, 0.9014114141464233, 0.9048102498054504, 0.9082090854644775, 0.9116079211235046, 0.9150067567825317, 0.9184055328369141, 0.9218043684959412, 0.9252032041549683, 0.9286020398139954, 0.9320008754730225, 0.9353997111320496, 0.9387985467910767, 0.9421973824501038, 0.9455962181091309, 0.9489949941635132, 0.9523938298225403, 0.9557926654815674, 0.9591915011405945, 0.9625903367996216, 0.9659891724586487, 0.9693880081176758, 0.9727867841720581, 0.9761856198310852, 0.9795844554901123, 0.9829832911491394, 0.9863821268081665, 0.9897809624671936, 0.9931797981262207, 0.9965786337852478, 0.9999774694442749, 1.0033762454986572, 1.006775140762329, 1.0101739168167114, 1.0135726928710938, 1.0169715881347656, 1.020370364189148, 1.0237692594528198, 1.0271680355072021, 1.030566930770874, 1.0339657068252563, 1.0373646020889282, 1.0407633781433105]}, "Perf/total_fps": 37, "Perf/collection time": 0.9911868572235107, "Perf/learning_time": 0.08745598793029785, "_timestamp": 1742487997, "_runtime": 22, "_step": 17, "Train/mean_reward": -1.5129756212234498, "Train/mean_episode_length": 131.6, "Train/dones": 0.01}