{"Episode/rew_tracking_lin_vel": 0.0010368208168074489, "Episode/rew_tracking_ang_vel": 0.0013971985317766666, "Episode/rew_lin_vel_z": -0.10815045982599258, "Episode/rew_ang_vel_xy": -0.018014227971434593, "Episode/rew_torques": -0.12542513012886047, "Episode/rew_dof_acc": -0.0029342148918658495, "Episode/rew_feet_air_time": -0.04540000110864639, "Episode/rew_collision": 0.0, "Episode/rew_action_rate": -0.2189919501543045, "Episode/rew_dof_pos_limits": -0.0001716554252197966, "Episode/terrain_level": 0.0, "Episode/max_command_x": 1.0, "Loss/value_function": 5139.029809570313, "Loss/surrogate": 106.68785356283188, "Loss/hist_latent_loss": 2.588017976284027, "Loss/priv_reg_loss": 2.456797242164612, "Loss/priv_ref_lambda": 0.0, "Loss/learning_rate": 0.0002, "Policy/leg_mean_noise_std": 0.9549126029014587, "Policy/noise_std_dist": {"_type": "histogram", "values": [1, 0, 1, 1, 0, 1, 0, 0, 0, 0, 0, 0, 0, 0, 0, 0, 0, 0, 0, 0, 0, 0, 0, 0, 0, 0, 0, 0, 0, 0, 0, 0, 0, 0, 0, 0, 0, 0, 0, 0, 0, 0, 0, 0, 0, 0, 0, 0, 0, 0, 0, 0, 0, 0, 0, 0, 0, 0, 1, 3, 0, 0, 1, 3], "bins": [0.8128229975700378, 0.81622314453125, 0.8196232914924622, 0.8230233788490295, 0.8264235258102417, 0.8298236727714539, 0.833223819732666, 0.8366239666938782, 0.8400241136550903, 0.8434242010116577, 0.8468243479728699, 0.850224494934082, 0.8536246418952942, 0.8570247888565063, 0.8604249358177185, 0.8638250231742859, 0.867225170135498, 0.8706253170967102, 0.8740254640579224, 0.8774256110191345, 0.8808257579803467, 0.8842258453369141, 0.8876259922981262, 0.8910261392593384, 0.8944262862205505, 0.8978264331817627, 0.9012265801429749, 0.9046266674995422, 0.9080268144607544, 0.9114269614219666, 0.9148271083831787, 0.9182272553443909, 0.921627402305603, 0.9250274896621704, 0.9284276366233826, 0.9318277835845947, 0.9352279305458069, 0.938628077507019, 0.9420281648635864, 0.9454283118247986, 0.9488284587860107, 0.9522286057472229, 0.9556287527084351, 0.9590288996696472, 0.9624289870262146, 0.9658291339874268, 0.9692292809486389, 0.9726294279098511, 0.9760295748710632, 0.9794297218322754, 0.9828298091888428, 0.9862299561500549, 0.9896301031112671, 0.9930302500724792, 0.9964303970336914, 0.9998305439949036, 1.0032306909561157, 1.006630778312683, 1.01003098487854, 1.0134310722351074, 1.0168311595916748, 1.0202313661575317, 1.0236314535140991, 1.027031660079956, 1.0304317474365234]}, "Perf/total_fps": 36, "Perf/collection time": 1.0167250633239746, "Perf/learning_time": 0.0885770320892334, "_timestamp": 1742488051, "_runtime": 17, "_step": 11, "Train/mean_reward": -1.4215993881225586, "Train/mean_episode_length": 148.66666666666666, "Train/dones": 0.01}