{"Episode/rew_tracking_lin_vel": 0.00010847231897059828, "Episode/rew_tracking_ang_vel": 0.00011663087934721261, "Episode/rew_lin_vel_z": -0.00015549195813946426, "Episode/rew_ang_vel_xy": -4.581216217047768e-06, "Episode/rew_torques": -0.00018457618716638535, "Episode/rew_dof_acc": -5.8548039305605926e-06, "Episode/rew_feet_air_time": 0.0, "Episode/rew_collision": 0.0, "Episode/rew_action_rate": -0.0002800049842335284, "Episode/rew_dof_pos_limits": -0.0001899276685435325, "Episode/terrain_level": 0.0, "Episode/max_command_x": 1.0, "Loss/value_function": 0.00037487293011508884, "Loss/surrogate": 40.851600480079654, "Loss/hist_latent_loss": 0.743392938375473, "Loss/priv_reg_loss": 0.7193696588277817, "Loss/priv_ref_lambda": 0.0, "Loss/learning_rate": 0.0002, "Policy/leg_mean_noise_std": 0.9667031168937683, "Policy/noise_std_dist": {"_type": "histogram", "values": [1, 0, 0, 1, 0, 2, 0, 0, 0, 0, 0, 0, 0, 0, 0, 0, 0, 0, 0, 0, 0, 0, 0, 0, 0, 0, 0, 0, 0, 0, 0, 0, 0, 0, 0, 0, 0, 0, 0, 0, 0, 0, 0, 0, 0, 0, 0, 0, 0, 0, 0, 0, 0, 0, 0, 0, 1, 1, 2, 2, 0, 1, 0, 1], "bins": [0.8244128823280334, 0.8279054760932922, 0.831398069858551, 0.8348906636238098, 0.8383832573890686, 0.8418758511543274, 0.8453684449195862, 0.848861038684845, 0.8523536324501038, 0.8558462262153625, 0.8593388199806213, 0.8628314733505249, 0.8663240671157837, 0.8698166608810425, 0.8733092546463013, 0.8768018484115601, 0.8802944421768188, 0.8837870359420776, 0.8872796297073364, 0.8907722234725952, 0.894264817237854, 0.8977574110031128, 0.9012500047683716, 0.9047425985336304, 0.9082351922988892, 0.911727786064148, 0.9152203798294067, 0.9187129735946655, 0.9222055673599243, 0.9256981611251831, 0.9291907548904419, 0.9326833486557007, 0.9361759424209595, 0.939668595790863, 0.9431611895561218, 0.9466537833213806, 0.9501463770866394, 0.9536389708518982, 0.957131564617157, 0.9606241583824158, 0.9641167521476746, 0.9676093459129333, 0.9711019396781921, 0.9745945334434509, 0.9780871272087097, 0.9815797209739685, 0.9850723147392273, 0.9885649085044861, 0.9920575022697449, 0.9955500960350037, 0.9990426898002625, 1.002535343170166, 1.0060279369354248, 1.0095205307006836, 1.0130131244659424, 1.0165057182312012, 1.01999831199646, 1.0234909057617188, 1.0269834995269775, 1.0304760932922363, 1.0339686870574951, 1.037461280822754, 1.0409538745880127, 1.0444464683532715, 1.0479390621185303]}, "Perf/total_fps": 63, "Perf/collection time": 1.1561779975891113, "Perf/learning_time": 0.09827971458435059, "Train/mean_reward": -0.009077129767974838, "Train/mean_episode_length": 1.0, "Train/dones": 1.0, "_timestamp": 1741440483, "_runtime": 24, "_step": 16}