{"Episode/rew_tracking_lin_vel": 0.07831501215696335, "Episode/rew_tracking_ang_vel": 0.12360471487045288, "Episode/rew_lin_vel_z": -0.13311994075775146, "Episode/rew_ang_vel_xy": -0.1782434582710266, "Episode/rew_torques": -0.0890451967716217, "Episode/rew_dof_acc": -0.0016086224932223558, "Episode/rew_feet_air_time": -0.009626667015254498, "Episode/rew_collision": -0.8533329963684082, "Episode/rew_action_rate": -0.11456482857465744, "Episode/rew_dof_pos_limits": -5.606890408671461e-05, "Episode/terrain_level": 0.375, "Episode/max_command_x": 1.0, "Loss/value_function": 0.2632730359211564, "Loss/surrogate": 53.42667927742004, "Loss/hist_latent_loss": 2.8138004422187803, "Loss/priv_reg_loss": 3.0181393027305603, "Loss/priv_ref_lambda": 0.0, "Loss/learning_rate": 0.0002, "Policy/leg_mean_noise_std": 0.9511839747428894, "Policy/noise_std_dist": {"_type": "histogram", "values": [2, 2, 0, 0, 0, 0, 0, 0, 0, 0, 0, 0, 0, 0, 0, 0, 0, 0, 0, 0, 0, 0, 0, 0, 0, 0, 0, 0, 0, 0, 0, 0, 0, 0, 0, 0, 0, 0, 0, 0, 0, 0, 0, 0, 0, 0, 0, 0, 0, 0, 0, 0, 0, 0, 0, 0, 0, 0, 0, 0, 0, 0, 2, 6], "bins": [0.8143791556358337, 0.8175926804542542, 0.8208062648773193, 0.8240197896957397, 0.8272333145141602, 0.8304468393325806, 0.8336604237556458, 0.8368739485740662, 0.8400874733924866, 0.843300998210907, 0.8465145826339722, 0.8497281074523926, 0.852941632270813, 0.8561551570892334, 0.8593687415122986, 0.862582266330719, 0.8657957911491394, 0.8690093755722046, 0.872222900390625, 0.8754364252090454, 0.8786499500274658, 0.881863534450531, 0.8850770592689514, 0.8882905840873718, 0.8915041089057922, 0.8947176933288574, 0.8979312181472778, 0.9011447429656982, 0.9043582677841187, 0.9075718522071838, 0.9107853770256042, 0.9139989018440247, 0.9172124862670898, 0.9204260110855103, 0.9236395359039307, 0.9268530607223511, 0.9300666451454163, 0.9332801699638367, 0.9364936947822571, 0.9397072196006775, 0.9429208040237427, 0.9461343288421631, 0.9493478536605835, 0.9525613784790039, 0.9557749629020691, 0.9589884877204895, 0.9622020125389099, 0.9654155373573303, 0.9686291217803955, 0.9718426465988159, 0.9750561714172363, 0.9782697558403015, 0.9814832806587219, 0.9846968054771423, 0.9879103302955627, 0.9911239147186279, 0.9943374395370483, 0.9975509643554688, 1.0007644891738892, 1.0039780139923096, 1.00719153881073, 1.01040518283844, 1.0136187076568604, 1.0168322324752808, 1.0200457572937012]}, "Perf/total_fps": 274, "Perf/collection time": 1.0769562721252441, "Perf/learning_time": 0.08939886093139648, "Train/mean_reward": -5.171844674990727, "Train/mean_episode_length": 105.46153846153847, "Train/dones": 0.00375, "_timestamp": 1742489312, "_runtime": 12, "_step": 6}