{"Episode/rew_tracking_lin_vel": 0.0879385694861412, "Episode/rew_tracking_ang_vel": 0.09258732944726944, "Episode/rew_lin_vel_z": -0.06626639515161514, "Episode/rew_ang_vel_xy": -0.02603949047625065, "Episode/rew_torques": -0.10983970016241074, "Episode/rew_dof_acc": -0.0031806607730686665, "Episode/rew_feet_air_time": -0.0019733335357159376, "Episode/rew_collision": -0.10266661643981934, "Episode/rew_action_rate": -0.15865293145179749, "Episode/rew_dof_pos_limits": -0.0336373895406723, "Episode/terrain_level": 0.0, "Episode/max_command_x": 1.0, "Loss/value_function": 0.03968727570027113, "Loss/surrogate": 466.6284146547317, "Loss/hist_latent_loss": 0.0, "Loss/priv_reg_loss": 0.0, "Loss/priv_ref_lambda": 0.0, "Loss/learning_rate": 0.0002, "Policy/leg_mean_noise_std": 1.145958423614502, "Policy/noise_std_dist": {"_type": "histogram", "values": [2, 1, 0, 1, 0, 0, 0, 0, 0, 0, 0, 0, 0, 0, 0, 0, 0, 0, 0, 0, 0, 0, 0, 0, 0, 0, 0, 0, 0, 0, 0, 0, 0, 0, 0, 0, 0, 0, 0, 0, 0, 0, 0, 0, 0, 0, 0, 0, 0, 0, 0, 0, 0, 0, 0, 0, 0, 0, 3, 0, 1, 1, 1, 2], "bins": [1.0073273181915283, 1.0107026100158691, 1.01407790184021, 1.0174530744552612, 1.020828366279602, 1.0242036581039429, 1.0275788307189941, 1.030954122543335, 1.0343294143676758, 1.0377047061920166, 1.0410799980163574, 1.0444551706314087, 1.0478304624557495, 1.0512057542800903, 1.0545809268951416, 1.0579562187194824, 1.0613315105438232, 1.064706802368164, 1.0680820941925049, 1.0714572668075562, 1.074832558631897, 1.0782078504562378, 1.081583023071289, 1.0849583148956299, 1.0883336067199707, 1.0917088985443115, 1.0950841903686523, 1.0984593629837036, 1.1018346548080444, 1.1052099466323853, 1.1085851192474365, 1.1119604110717773, 1.1153357028961182, 1.118710994720459, 1.1220862865447998, 1.125461459159851, 1.128836750984192, 1.1322120428085327, 1.135587215423584, 1.1389625072479248, 1.1423377990722656, 1.1457130908966064, 1.1490883827209473, 1.1524635553359985, 1.1558388471603394, 1.1592141389846802, 1.1625893115997314, 1.1659646034240723, 1.169339895248413, 1.172715187072754, 1.1760904788970947, 1.179465651512146, 1.1828409433364868, 1.1862162351608276, 1.189591407775879, 1.1929666996002197, 1.1963419914245605, 1.1997172832489014, 1.2030925750732422, 1.2064677476882935, 1.2098430395126343, 1.213218331336975, 1.2165935039520264, 1.2199687957763672, 1.223344087600708]}, "Perf/total_fps": 563, "Perf/collection time": 0.49341630935668945, "Perf/learning_time": 0.07402968406677246, "_timestamp": 1741445294, "_runtime": 43, "_step": 65, "Train/mean_reward": -4.484531002464117, "Train/mean_episode_length": 367.3888888888889, "Train/dones": 0.00375}