{"Episode/rew_lin_vel_xy": 0.0, "Episode/rew_lin_vel_z": 0.0, "Episode/rew_ang_vel_z": 0.0, "Episode/rew_ang_vel_xy": 0.0, "Episode/rew_orient": 0.0, "Episode/rew_torques": 0.0, "Episode/rew_joint_acc": 0.0, "Episode/rew_base_height": 0.0, "Episode/rew_air_time": 0.0, "Episode/rew_collision": 0.0, "Episode/rew_stumble": 0.0, "Episode/rew_action_rate": 0.0, "Episode/rew_hip": 0.0, "Episode/terrain_level": 6.0, "Loss/value_function": 0.0008757434574363287, "Loss/surrogate": 28.485923963785172, "Loss/hist_latent_loss": 0.6958855599164963, "Loss/priv_reg_loss": 0.6504254430532456, "Loss/priv_ref_lambda": 0.0, "Loss/learning_rate": 0.0002, "Policy/leg_mean_noise_std": 0.9602572321891785, "Policy/noise_std_dist": {"_type": "histogram", "values": [2, 2, 0, 0, 0, 0, 0, 0, 0, 0, 0, 0, 0, 0, 0, 0, 0, 0, 0, 0, 0, 0, 0, 0, 0, 0, 0, 0, 0, 0, 0, 0, 0, 0, 0, 0, 0, 0, 0, 0, 0, 0, 0, 0, 0, 0, 0, 0, 0, 0, 0, 0, 0, 0, 0, 0, 0, 0, 0, 0, 0, 3, 4, 1], "bins": [0.8260044455528259, 0.8292266130447388, 0.8324487805366516, 0.8356709480285645, 0.8388931155204773, 0.8421152830123901, 0.845337450504303, 0.8485596776008606, 0.8517818450927734, 0.8550040125846863, 0.8582261800765991, 0.861448347568512, 0.8646705150604248, 0.8678926825523376, 0.8711148500442505, 0.8743370175361633, 0.8775591850280762, 0.880781352519989, 0.8840035200119019, 0.8872256875038147, 0.8904479146003723, 0.8936700820922852, 0.896892249584198, 0.9001144170761108, 0.9033365845680237, 0.9065587520599365, 0.9097809195518494, 0.9130030870437622, 0.916225254535675, 0.9194474220275879, 0.9226695895195007, 0.9258917570114136, 0.9291139841079712, 0.932336151599884, 0.9355583190917969, 0.9387804865837097, 0.9420026540756226, 0.9452248215675354, 0.9484469890594482, 0.9516691565513611, 0.9548913240432739, 0.9581134915351868, 0.9613356590270996, 0.9645578265190125, 0.9677799940109253, 0.9710022211074829, 0.9742243885993958, 0.9774465560913086, 0.9806687235832214, 0.9838908910751343, 0.9871130585670471, 0.99033522605896, 0.9935573935508728, 0.9967795610427856, 1.0000017881393433, 1.0032238960266113, 1.006446123123169, 1.009668231010437, 1.0128904581069946, 1.0161125659942627, 1.0193347930908203, 1.0225569009780884, 1.025779128074646, 1.029001235961914, 1.0322234630584717]}, "Perf/total_fps": 66, "Perf/collection time": 1.0937740802764893, "Perf/learning_time": 0.1109473705291748, "_timestamp": 1741158423, "_runtime": 15, "_step": 10}