{"Episode/rew_tracking_lin_vel": 0.029658058658242226, "Episode/rew_tracking_ang_vel": 0.0002079363912343979, "Episode/rew_lin_vel_z": -0.03146699443459511, "Episode/rew_ang_vel_xy": -0.03420533239841461, "Episode/rew_torques": -0.02173023484647274, "Episode/rew_dof_acc": -0.0008686486980877817, "Episode/rew_feet_air_time": -0.0010560001246631145, "Episode/rew_collision": -0.04319998621940613, "Episode/rew_action_rate": -0.029437502846121788, "Episode/rew_dof_pos_limits": -0.05056518316268921, "Episode/terrain_level": 0.0, "Episode/max_command_x": 1.0, "Loss/value_function": 0.02790160896256566, "Loss/surrogate": 30.492660894989967, "Loss/hist_latent_loss": 0.7099051415920258, "Loss/priv_reg_loss": 0.6425138950347901, "Loss/priv_ref_lambda": 0.0, "Loss/learning_rate": 0.0002, "Policy/leg_mean_noise_std": 0.9574300646781921, "Policy/noise_std_dist": {"_type": "histogram", "values": [3, 1, 0, 0, 0, 0, 0, 0, 0, 0, 0, 0, 0, 0, 0, 0, 0, 0, 0, 0, 0, 0, 0, 0, 0, 0, 0, 0, 0, 0, 0, 0, 0, 0, 0, 0, 0, 0, 0, 0, 0, 0, 0, 0, 0, 0, 0, 0, 0, 0, 0, 0, 0, 0, 0, 0, 0, 0, 0, 0, 0, 2, 4, 2], "bins": [0.8222395181655884, 0.8254640102386475, 0.8286885023117065, 0.8319129943847656, 0.8351374864578247, 0.8383619785308838, 0.8415864706039429, 0.844810962677002, 0.848035454750061, 0.8512599468231201, 0.8544844388961792, 0.8577089309692383, 0.8609334230422974, 0.8641579151153564, 0.8673824071884155, 0.8706068992614746, 0.8738313913345337, 0.8770558834075928, 0.8802803754806519, 0.8835048675537109, 0.88672935962677, 0.8899538516998291, 0.8931783437728882, 0.8964028358459473, 0.8996273279190063, 0.9028518199920654, 0.9060763120651245, 0.9093008041381836, 0.9125252962112427, 0.9157497882843018, 0.9189742803573608, 0.9221987724304199, 0.925423264503479, 0.9286477565765381, 0.9318722486495972, 0.9350967407226562, 0.9383212327957153, 0.9415457248687744, 0.9447702169418335, 0.9479947090148926, 0.9512192010879517, 0.9544436931610107, 0.9576681852340698, 0.9608926773071289, 0.964117169380188, 0.9673416614532471, 0.9705661535263062, 0.9737906455993652, 0.9770151376724243, 0.9802396297454834, 0.9834641218185425, 0.9866886138916016, 0.9899131059646606, 0.9931375980377197, 0.9963620901107788, 0.9995865821838379, 1.002811074256897, 1.006035566329956, 1.0092600584030151, 1.0124845504760742, 1.0157090425491333, 1.0189335346221924, 1.0221580266952515, 1.0253825187683105, 1.0286070108413696]}, "Perf/total_fps": 65, "Perf/collection time": 1.0863642692565918, "Perf/learning_time": 0.1262674331665039, "_timestamp": 1741440563, "_runtime": 15, "_step": 10, "Train/mean_reward": -2.240260601043701, "Train/mean_episode_length": 139.66666666666666, "Train/dones": 0.005}