{"Episode/rew_lin_vel_xy": 0.000676511088386178, "Episode/rew_lin_vel_z": -0.06638707220554352, "Episode/rew_ang_vel_z": 0.012239950709044933, "Episode/rew_ang_vel_xy": -0.02528000809252262, "Episode/rew_orient": 0.0, "Episode/rew_torques": -0.003462499473243952, "Episode/rew_joint_acc": -0.0005408639553934336, "Episode/rew_base_height": 0.0, "Episode/rew_air_time": 0.0, "Episode/rew_collision": 0.0, "Episode/rew_stumble": 0.0, "Episode/rew_action_rate": -0.05827821046113968, "Episode/rew_hip": 0.0, "Episode/terrain_level": 6.0, "Loss/value_function": 0.0026904826750978827, "Loss/surrogate": 96.37154694795609, "Loss/hist_latent_loss": 0.8218551337718963, "Loss/priv_reg_loss": 0.4678854525089264, "Loss/priv_ref_lambda": 0.0, "Loss/learning_rate": 0.0002, "Policy/leg_mean_noise_std": 1.0627644062042236, "Policy/noise_std_dist": {"_type": "histogram", "values": [1, 0, 2, 1, 0, 0, 0, 0, 0, 0, 0, 0, 0, 0, 0, 0, 0, 0, 0, 0, 0, 0, 0, 0, 0, 0, 0, 0, 0, 0, 0, 0, 0, 0, 0, 0, 0, 0, 0, 0, 0, 0, 0, 0, 0, 0, 0, 0, 0, 0, 0, 0, 0, 0, 1, 0, 0, 0, 0, 1, 2, 1, 2, 1], "bins": [0.9266344308853149, 0.9299418330192566, 0.9332491755485535, 0.9365565776824951, 0.9398639798164368, 0.9431713223457336, 0.9464787244796753, 0.9497861266136169, 0.9530935287475586, 0.9564008712768555, 0.9597082734107971, 0.9630156755447388, 0.9663230180740356, 0.9696304202079773, 0.972937822341919, 0.9762451648712158, 0.9795525670051575, 0.9828599691390991, 0.986167311668396, 0.9894747138023376, 0.9927821159362793, 0.9960894584655762, 0.9993968605995178, 1.0027042627334595, 1.0060116052627563, 1.0093190670013428, 1.0126264095306396, 1.0159337520599365, 1.019241213798523, 1.0225485563278198, 1.0258558988571167, 1.0291633605957031, 1.032470703125, 1.0357780456542969, 1.0390855073928833, 1.0423928499221802, 1.045700192451477, 1.0490076541900635, 1.0523149967193604, 1.0556223392486572, 1.0589298009872437, 1.0622371435165405, 1.0655444860458374, 1.0688519477844238, 1.0721592903137207, 1.0754666328430176, 1.078774094581604, 1.0820814371109009, 1.0853888988494873, 1.0886962413787842, 1.092003583908081, 1.0953110456466675, 1.0986183881759644, 1.1019257307052612, 1.1052331924438477, 1.1085405349731445, 1.1118478775024414, 1.1151553392410278, 1.1184626817703247, 1.1217700242996216, 1.125077486038208, 1.1283848285675049, 1.1316921710968018, 1.1349996328353882, 1.138306975364685]}, "Perf/total_fps": 71, "Perf/collection time": 1.0025289058685303, "Perf/learning_time": 0.12251996994018555, "_timestamp": 1741156796, "_runtime": 67, "_step": 56, "Train/mean_reward": 1.947206114884466, "Train/mean_episode_length": 603.4285714285714, "Train/dones": 0.005}