{"Episode/rew_tracking_lin_vel": 0.00017871773161459714, "Episode/rew_tracking_ang_vel": 0.00010624597780406475, "Episode/rew_lin_vel_z": -0.00016113664605654776, "Episode/rew_ang_vel_xy": -5.059877821622649e-06, "Episode/rew_torques": -0.0001781034079613164, "Episode/rew_dof_acc": -6.88506634105579e-06, "Episode/rew_feet_air_time": 0.0, "Episode/rew_collision": 0.0, "Episode/rew_action_rate": -0.0003283483092673123, "Episode/rew_dof_pos_limits": -0.00023121786944102496, "Episode/terrain_level": 0.0, "Episode/max_command_x": 1.0, "Loss/value_function": 0.0003635990055045113, "Loss/surrogate": 517.0427425861359, "Loss/hist_latent_loss": 3.0366050481796263, "Loss/priv_reg_loss": 3.161015808582306, "Loss/priv_ref_lambda": 0.0, "Loss/learning_rate": 0.0002, "Policy/leg_mean_noise_std": 0.938184380531311, "Policy/noise_std_dist": {"_type": "histogram", "values": [4, 0, 0, 0, 0, 0, 0, 0, 0, 0, 0, 0, 0, 0, 0, 0, 0, 0, 0, 0, 0, 0, 0, 0, 0, 0, 0, 0, 0, 0, 0, 0, 0, 0, 0, 0, 0, 0, 0, 0, 0, 0, 0, 0, 0, 0, 0, 0, 0, 0, 0, 0, 0, 0, 0, 0, 0, 0, 0, 0, 0, 1, 3, 4], "bins": [0.8064841628074646, 0.8096196055412292, 0.8127549886703491, 0.8158904314041138, 0.8190258741378784, 0.8221613168716431, 0.8252967000007629, 0.8284321427345276, 0.8315675854682922, 0.8347030282020569, 0.8378384113311768, 0.8409738540649414, 0.844109296798706, 0.8472447395324707, 0.8503801226615906, 0.8535155653953552, 0.8566510081291199, 0.8597863912582397, 0.8629218339920044, 0.866057276725769, 0.8691927194595337, 0.8723281025886536, 0.8754635453224182, 0.8785989880561829, 0.8817344307899475, 0.8848698139190674, 0.888005256652832, 0.8911406993865967, 0.8942761421203613, 0.8974115252494812, 0.9005469679832458, 0.9036824107170105, 0.9068177938461304, 0.909953236579895, 0.9130886793136597, 0.9162241220474243, 0.9193595051765442, 0.9224949479103088, 0.9256303906440735, 0.9287658333778381, 0.931901216506958, 0.9350366592407227, 0.9381721019744873, 0.941307544708252, 0.9444429278373718, 0.9475783705711365, 0.9507138133049011, 0.9538492560386658, 0.9569846391677856, 0.9601200819015503, 0.9632555246353149, 0.9663909077644348, 0.9695263504981995, 0.9726617932319641, 0.9757972359657288, 0.9789326190948486, 0.9820680618286133, 0.9852035045623779, 0.9883389472961426, 0.9914743304252625, 0.9946097731590271, 0.9977452158927917, 1.0008805990219116, 1.0040160417556763, 1.007151484489441]}, "Perf/total_fps": 28, "Perf/collection time": 1.322188138961792, "Perf/learning_time": 0.10314679145812988, "Train/mean_reward": -0.009649095549830235, "Train/mean_episode_length": 1.0, "Train/dones": 1.0, "_timestamp": 1742465999, "_runtime": 8, "_step": 2}