{"Episode/rew_tracking_lin_vel": 0.18126341700553894, "Episode/rew_tracking_ang_vel": 0.16900131106376648, "Episode/rew_lin_vel_z": -0.346552312374115, "Episode/rew_ang_vel_xy": -0.03152189776301384, "Episode/rew_torques": -0.23349642753601074, "Episode/rew_dof_acc": -0.005087706726044416, "Episode/rew_feet_air_time": -0.056000005453825, "Episode/rew_collision": -1.6333321332931519, "Episode/rew_action_rate": -0.22423644363880157, "Episode/rew_dof_pos_limits": -0.2870369553565979, "Episode/terrain_level": 1.0, "Episode/max_command_x": 1.0, "Loss/value_function": 28726.1478515625, "Loss/surrogate": 200.8874396085739, "Loss/hist_latent_loss": 2.9762572765350344, "Loss/priv_reg_loss": 3.170204758644104, "Loss/priv_ref_lambda": 0.0, "Loss/learning_rate": 0.0002, "Policy/leg_mean_noise_std": 0.9661673903465271, "Policy/noise_std_dist": {"_type": "histogram", "values": [2, 0, 1, 0, 1, 0, 0, 0, 0, 0, 0, 0, 0, 0, 0, 0, 0, 0, 0, 0, 0, 0, 0, 0, 0, 0, 0, 0, 0, 0, 0, 0, 0, 0, 0, 0, 0, 0, 0, 0, 0, 0, 0, 0, 0, 0, 0, 0, 0, 0, 0, 0, 0, 0, 0, 1, 2, 1, 2, 0, 0, 0, 1, 1], "bins": [0.83123779296875, 0.8346394300460815, 0.8380411267280579, 0.8414427638053894, 0.8448444604873657, 0.8482460975646973, 0.8516477346420288, 0.8550494313240051, 0.8584510684013367, 0.861852765083313, 0.8652544021606445, 0.8686560392379761, 0.8720577359199524, 0.8754593729972839, 0.8788610696792603, 0.8822627067565918, 0.8856643438339233, 0.8890660405158997, 0.8924676775932312, 0.8958693742752075, 0.8992710113525391, 0.9026727080345154, 0.9060743451118469, 0.9094759821891785, 0.9128776788711548, 0.9162793159484863, 0.9196810126304626, 0.9230826497077942, 0.9264842867851257, 0.929885983467102, 0.9332876205444336, 0.9366893172264099, 0.9400909543037415, 0.943492591381073, 0.9468942880630493, 0.9502959251403809, 0.9536976218223572, 0.9570992588996887, 0.9605008959770203, 0.9639025926589966, 0.9673042297363281, 0.9707059264183044, 0.974107563495636, 0.9775092005729675, 0.9809108972549438, 0.9843125343322754, 0.9877142310142517, 0.9911158680915833, 0.9945175647735596, 0.9979192018508911, 1.0013208389282227, 1.0047224760055542, 1.0081242322921753, 1.0115258693695068, 1.0149275064468384, 1.01832914352417, 1.0217307806015015, 1.0251325368881226, 1.028534173965454, 1.0319358110427856, 1.0353374481201172, 1.0387390851974487, 1.0421408414840698, 1.0455424785614014, 1.048944115638733]}, "Perf/total_fps": 34, "Perf/collection time": 1.088759183883667, "Perf/learning_time": 0.058797597885131836, "_timestamp": 1742488717, "_runtime": 27, "_step": 20, "Train/mean_reward": -4.3150007128715515, "Train/mean_episode_length": 132.33333333333334, "Train/dones": 0.01}