{"Episode/rew_tracking_lin_vel": 0.0022590334992855787, "Episode/rew_tracking_ang_vel": 1.3803472143081308e-07, "Episode/rew_lin_vel_z": -0.0006694844923913479, "Episode/rew_ang_vel_xy": -8.131464142024925e-07, "Episode/rew_torques": -0.0005384652176871896, "Episode/rew_dof_acc": -1.3127580132277217e-05, "Episode/rew_feet_air_time": 0.0, "Episode/rew_collision": 0.0, "Episode/rew_action_rate": -0.0008005201234482229, "Episode/rew_dof_pos_limits": 0.0, "Episode/terrain_level": 0.0, "Episode/max_command_x": 1.0, "Loss/value_function": 0.7148236587643624, "Loss/surrogate": 59.027751207351685, "Loss/hist_latent_loss": 3.377025532722473, "Loss/priv_reg_loss": 2.2510958909988403, "Loss/priv_ref_lambda": 0.0, "Loss/learning_rate": 0.0002, "Policy/leg_mean_noise_std": 0.9845644235610962, "Policy/noise_std_dist": {"_type": "histogram", "values": [4, 0, 0, 0, 0, 0, 0, 0, 0, 0, 0, 0, 0, 0, 0, 0, 0, 0, 0, 0, 0, 0, 0, 0, 0, 0, 0, 0, 0, 0, 0, 0, 0, 0, 0, 0, 0, 0, 0, 0, 0, 0, 0, 0, 0, 0, 0, 0, 0, 0, 0, 0, 0, 0, 0, 0, 1, 2, 1, 0, 1, 0, 2, 1], "bins": [0.8458647727966309, 0.849327564239502, 0.8527904152870178, 0.8562532067298889, 0.8597160577774048, 0.8631788492202759, 0.866641640663147, 0.8701044917106628, 0.8735672831535339, 0.877030074596405, 0.8804929256439209, 0.883955717086792, 0.8874185085296631, 0.890881359577179, 0.89434415102005, 0.8978070020675659, 0.901269793510437, 0.9047325849533081, 0.908195436000824, 0.9116582274436951, 0.9151210784912109, 0.918583869934082, 0.9220466613769531, 0.925509512424469, 0.9289723038673401, 0.9324350953102112, 0.935897946357727, 0.9393607378005981, 0.9428235292434692, 0.9462863802909851, 0.9497491717338562, 0.9532120227813721, 0.9566748142242432, 0.9601376056671143, 0.9636004567146301, 0.9670632481575012, 0.9705260992050171, 0.9739888906478882, 0.9774516820907593, 0.9809145331382751, 0.9843773245811462, 0.9878401160240173, 0.9913029670715332, 0.9947657585144043, 0.9982285499572754, 1.0016913414001465, 1.0051542520523071, 1.0086170434951782, 1.0120798349380493, 1.0155426263809204, 1.0190054178237915, 1.0224683284759521, 1.0259311199188232, 1.0293939113616943, 1.0328567028045654, 1.0363194942474365, 1.0397822856903076, 1.0432451963424683, 1.0467079877853394, 1.0501707792282104, 1.0536335706710815, 1.0570963621139526, 1.0605592727661133, 1.0640220642089844, 1.0674848556518555]}, "Perf/total_fps": 37, "Perf/collection time": 0.9656796455383301, "Perf/learning_time": 0.08936905860900879, "_timestamp": 1742489085, "_runtime": 40, "_step": 33, "Train/mean_reward": -2.675582827337516, "Train/mean_episode_length": 94.84615384615384, "Train/dones": 0.0}