{"Episode/rew_tracking_lin_vel": 0.0, "Episode/rew_tracking_ang_vel": 0.0, "Episode/rew_lin_vel_z": 0.0, "Episode/rew_ang_vel_xy": 0.0, "Episode/rew_torques": 0.0, "Episode/rew_dof_acc": 0.0, "Episode/rew_feet_air_time": 0.0, "Episode/rew_collision": 0.0, "Episode/rew_action_rate": 0.0, "Episode/rew_dof_pos_limits": 0.0, "Episode/terrain_level": 0.0, "Episode/max_command_x": 1.0, "Loss/value_function": 0.000473116256762296, "Loss/surrogate": 141.7645576477051, "Loss/hist_latent_loss": 2.588018870353699, "Loss/priv_reg_loss": 2.5111642479896545, "Loss/priv_ref_lambda": 0.0, "Loss/learning_rate": 0.0002, "Policy/leg_mean_noise_std": 0.9420143365859985, "Policy/noise_std_dist": {"_type": "histogram", "values": [2, 1, 1, 0, 0, 0, 0, 0, 0, 0, 0, 0, 0, 0, 0, 0, 0, 0, 0, 0, 0, 0, 0, 0, 0, 0, 0, 0, 0, 0, 0, 0, 0, 0, 0, 0, 0, 0, 0, 0, 0, 0, 0, 0, 0, 0, 0, 0, 0, 0, 0, 0, 0, 0, 0, 0, 0, 0, 0, 0, 3, 3, 1, 1], "bins": [0.8033250570297241, 0.8066772222518921, 0.8100293278694153, 0.8133814930915833, 0.8167336583137512, 0.8200857639312744, 0.8234379291534424, 0.8267900943756104, 0.8301422595977783, 0.8334943652153015, 0.8368465304374695, 0.8401986956596375, 0.8435508012771606, 0.8469029664993286, 0.8502551317214966, 0.8536072373390198, 0.8569594025611877, 0.8603115677833557, 0.8636636734008789, 0.8670158386230469, 0.8703680038452148, 0.873720109462738, 0.877072274684906, 0.880424439907074, 0.8837765455245972, 0.8871287107467651, 0.8904808759689331, 0.8938330411911011, 0.8971851468086243, 0.9005373120307922, 0.9038894772529602, 0.9072415828704834, 0.9105937480926514, 0.9139459133148193, 0.9172980189323425, 0.9206501841545105, 0.9240023493766785, 0.9273544549942017, 0.9307066202163696, 0.9340587854385376, 0.9374109506607056, 0.9407630562782288, 0.9441152215003967, 0.9474673867225647, 0.9508194923400879, 0.9541716575622559, 0.9575238227844238, 0.960875928401947, 0.964228093624115, 0.967580258846283, 0.9709323644638062, 0.9742845296859741, 0.9776366949081421, 0.9809888005256653, 0.9843409657478333, 0.9876931309700012, 0.9910452365875244, 0.9943974018096924, 0.9977495670318604, 1.0011017322540283, 1.0044538974761963, 1.0078059434890747, 1.0111581087112427, 1.0145102739334106, 1.0178624391555786]}, "Perf/total_fps": 35, "Perf/collection time": 1.0345757007598877, "Perf/learning_time": 0.09549760818481445, "_timestamp": 1742468853, "_runtime": 10, "_step": 5}