{"Episode/rew_tracking_lin_vel": 9.892699745250866e-05, "Episode/rew_tracking_ang_vel": 0.00011652593821054325, "Episode/rew_lin_vel_z": -0.00019670629990287125, "Episode/rew_ang_vel_xy": -6.677964393020375e-06, "Episode/rew_torques": -0.00018405909941066056, "Episode/rew_dof_acc": -8.034588063310366e-06, "Episode/rew_feet_air_time": 0.0, "Episode/rew_collision": 0.0, "Episode/rew_action_rate": -0.00026721064932644367, "Episode/rew_dof_pos_limits": -0.00025103637017309666, "Episode/terrain_level": 0.0, "Episode/max_command_x": 1.0, "Loss/value_function": 0.00023746963634039276, "Loss/surrogate": 11.250508247315883, "Loss/hist_latent_loss": 3.0366050481796263, "Loss/priv_reg_loss": 2.8602124452590942, "Loss/priv_ref_lambda": 0.0, "Loss/learning_rate": 0.0002, "Policy/leg_mean_noise_std": 0.9546903967857361, "Policy/noise_std_dist": {"_type": "histogram", "values": [2, 0, 2, 0, 0, 0, 0, 0, 0, 0, 0, 0, 0, 0, 0, 0, 0, 0, 0, 0, 0, 0, 0, 0, 0, 0, 0, 0, 0, 0, 0, 0, 0, 0, 0, 0, 0, 0, 0, 0, 0, 0, 0, 0, 0, 0, 0, 0, 0, 0, 0, 0, 0, 0, 1, 0, 0, 0, 2, 1, 0, 2, 0, 2], "bins": [0.8214626312255859, 0.8247467875480652, 0.8280310034751892, 0.8313151597976685, 0.8345993161201477, 0.8378835320472717, 0.841167688369751, 0.8444518446922302, 0.8477360606193542, 0.8510202169418335, 0.8543043732643127, 0.8575885891914368, 0.860872745513916, 0.8641569018363953, 0.8674411177635193, 0.8707252740859985, 0.8740094900131226, 0.8772936463356018, 0.880577802658081, 0.8838620185852051, 0.8871461749076843, 0.8904303312301636, 0.8937145471572876, 0.8969987034797668, 0.9002828598022461, 0.9035670757293701, 0.9068512320518494, 0.9101353883743286, 0.9134196043014526, 0.9167037606239319, 0.9199879169464111, 0.9232721328735352, 0.9265562891960144, 0.9298404455184937, 0.9331246614456177, 0.9364088177680969, 0.9396929740905762, 0.9429771900177002, 0.9462613463401794, 0.9495455026626587, 0.9528297185897827, 0.956113874912262, 0.9593980312347412, 0.9626822471618652, 0.9659664034843445, 0.9692505598068237, 0.9725347757339478, 0.975818932056427, 0.9791030883789062, 0.9823873043060303, 0.9856714606285095, 0.9889556765556335, 0.9922398328781128, 0.995523989200592, 0.9988082051277161, 1.0020923614501953, 1.0053765773773193, 1.0086606740951538, 1.0119448900222778, 1.0152291059494019, 1.0185132026672363, 1.0217974185943604, 1.0250816345214844, 1.0283657312393188, 1.0316499471664429]}, "Perf/total_fps": 37, "Perf/collection time": 0.9801797866821289, "Perf/learning_time": 0.0877842903137207, "Train/mean_reward": -0.011058117864886299, "Train/mean_episode_length": 1.0, "Train/dones": 1.0, "_timestamp": 1742465492, "_runtime": 19, "_step": 13}