{"Episode/rew_lin_vel_xy": 0.0, "Episode/rew_lin_vel_z": 0.0, "Episode/rew_ang_vel_z": 0.0, "Episode/rew_ang_vel_xy": 0.0, "Episode/rew_orient": 0.0, "Episode/rew_torques": 0.0, "Episode/rew_joint_acc": 0.0, "Episode/rew_base_height": 0.0, "Episode/rew_air_time": 0.0, "Episode/rew_collision": 0.0, "Episode/rew_stumble": 0.0, "Episode/rew_action_rate": 0.0, "Episode/rew_hip": 0.0, "Episode/terrain_level": 6.0, "Loss/value_function": 0.0, "Loss/surrogate": 0.0, "Loss/hist_latent_loss": 0.6962640672922135, "Loss/priv_reg_loss": 0.0, "Loss/priv_ref_lambda": 0.0, "Loss/learning_rate": 0.0002, "Policy/leg_mean_noise_std": 0.9333333373069763, "Policy/noise_std_dist": {"_type": "histogram", "values": [4, 0, 0, 0, 0, 0, 0, 0, 0, 0, 0, 0, 0, 0, 0, 0, 0, 0, 0, 0, 0, 0, 0, 0, 0, 0, 0, 0, 0, 0, 0, 0, 0, 0, 0, 0, 0, 0, 0, 0, 0, 0, 0, 0, 0, 0, 0, 0, 0, 0, 0, 0, 0, 0, 0, 0, 0, 0, 0, 0, 0, 0, 0, 8], "bins": [0.800000011920929, 0.8031250238418579, 0.8062500357627869, 0.809374988079071, 0.8125, 0.815625011920929, 0.8187500238418579, 0.8218750357627869, 0.824999988079071, 0.828125, 0.831250011920929, 0.8343750238418579, 0.8375000357627869, 0.840624988079071, 0.84375, 0.846875011920929, 0.8500000238418579, 0.8531250357627869, 0.856249988079071, 0.859375, 0.862500011920929, 0.8656250238418579, 0.8687500357627869, 0.871874988079071, 0.875, 0.878125011920929, 0.8812500238418579, 0.8843750357627869, 0.887499988079071, 0.890625, 0.893750011920929, 0.8968750238418579, 0.8999999761581421, 0.903124988079071, 0.90625, 0.909375011920929, 0.9125000238418579, 0.9156249761581421, 0.918749988079071, 0.921875, 0.925000011920929, 0.9281250238418579, 0.9312499761581421, 0.934374988079071, 0.9375, 0.940625011920929, 0.9437500238418579, 0.9468749761581421, 0.949999988079071, 0.953125, 0.956250011920929, 0.9593750238418579, 0.9624999761581421, 0.965624988079071, 0.96875, 0.971875011920929, 0.9750000238418579, 0.9781249761581421, 0.981249988079071, 0.984375, 0.987500011920929, 0.9906250238418579, 0.9937499761581421, 0.996874988079071, 1.0]}, "Perf/total_fps": 41, "Perf/collection time": 1.6323084831237793, "Perf/learning_time": 0.28768134117126465, "_timestamp": 1741099940, "_runtime": 4, "_step": 0, "_wandb": {"runtime": 7}}