{"Episode/rew_lin_vel_xy": 0.0, "Episode/rew_lin_vel_z": 0.0, "Episode/rew_ang_vel_z": 0.0, "Episode/rew_ang_vel_xy": 0.0, "Episode/rew_orient": 0.0, "Episode/rew_torques": 0.0, "Episode/rew_joint_acc": 0.0, "Episode/rew_base_height": 0.0, "Episode/rew_air_time": 0.0, "Episode/rew_collision": 0.0, "Episode/rew_stumble": 0.0, "Episode/rew_action_rate": 0.0, "Episode/rew_hip": 0.0, "Episode/terrain_level": 6.0, "Loss/value_function": 0.0011020592763088643, "Loss/surrogate": 236.52042346000673, "Loss/hist_latent_loss": 0.696264061331749, "Loss/priv_reg_loss": 0.5816490411758423, "Loss/priv_ref_lambda": 0.0, "Loss/learning_rate": 0.0002, "Policy/leg_mean_noise_std": 0.9485020637512207, "Policy/noise_std_dist": {"_type": "histogram", "values": [3, 1, 0, 0, 0, 0, 0, 0, 0, 0, 0, 0, 0, 0, 0, 0, 0, 0, 0, 0, 0, 0, 0, 0, 0, 0, 0, 0, 0, 0, 0, 0, 0, 0, 0, 0, 0, 0, 0, 0, 0, 0, 0, 0, 0, 0, 0, 0, 0, 0, 0, 0, 0, 0, 0, 0, 0, 0, 0, 0, 0, 0, 2, 6], "bins": [0.8124241828918457, 0.8156248331069946, 0.8188254833221436, 0.8220261335372925, 0.8252267241477966, 0.8284273743629456, 0.8316280245780945, 0.8348286747932434, 0.8380293250083923, 0.8412299752235413, 0.8444305658340454, 0.8476312160491943, 0.8508318662643433, 0.8540325164794922, 0.8572331666946411, 0.86043381690979, 0.863634467124939, 0.8668350577354431, 0.870035707950592, 0.873236358165741, 0.8764370083808899, 0.8796376585960388, 0.8828383088111877, 0.8860388994216919, 0.8892395496368408, 0.8924401998519897, 0.8956408500671387, 0.8988415002822876, 0.9020421504974365, 0.9052427411079407, 0.9084433913230896, 0.9116440415382385, 0.9148446917533875, 0.9180453419685364, 0.9212459921836853, 0.9244466423988342, 0.9276472330093384, 0.9308478832244873, 0.9340485334396362, 0.9372491836547852, 0.9404498338699341, 0.943650484085083, 0.9468510746955872, 0.9500517249107361, 0.953252375125885, 0.9564530253410339, 0.9596536755561829, 0.9628543257713318, 0.9660549163818359, 0.9692555665969849, 0.9724562168121338, 0.9756568670272827, 0.9788575172424316, 0.9820581674575806, 0.9852588176727295, 0.9884594082832336, 0.9916600584983826, 0.9948607087135315, 0.9980613589286804, 1.0012619495391846, 1.0044625997543335, 1.0076632499694824, 1.0108639001846313, 1.0140645503997803, 1.0172652006149292]}, "Perf/total_fps": 35, "Perf/collection time": 1.865736961364746, "Perf/learning_time": 0.3981504440307617, "_timestamp": 1741153444, "_runtime": 15, "_step": 5}