{"Episode/rew_tracking_lin_vel": 0.0, "Episode/rew_tracking_ang_vel": 0.0, "Episode/rew_lin_vel_z": 0.0, "Episode/rew_ang_vel_xy": 0.0, "Episode/rew_torques": 0.0, "Episode/rew_dof_acc": 0.0, "Episode/rew_feet_air_time": 0.0, "Episode/rew_collision": 0.0, "Episode/rew_action_rate": 0.0, "Episode/rew_dof_pos_limits": 0.0, "Episode/terrain_level": 0.0, "Episode/max_command_x": 1.0, "Loss/value_function": 0.003504106038599275, "Loss/surrogate": 18.217874497175217, "Loss/hist_latent_loss": 2.5880189180374145, "Loss/priv_reg_loss": 2.493882119655609, "Loss/priv_ref_lambda": 0.0, "Loss/learning_rate": 0.0002, "Policy/leg_mean_noise_std": 0.9664396047592163, "Policy/noise_std_dist": {"_type": "histogram", "values": [1, 0, 1, 1, 0, 0, 1, 0, 0, 0, 0, 0, 0, 0, 0, 0, 0, 0, 0, 0, 0, 0, 0, 0, 0, 0, 0, 0, 0, 0, 0, 0, 0, 0, 0, 0, 0, 0, 0, 0, 0, 0, 0, 0, 0, 0, 0, 0, 0, 0, 0, 0, 0, 0, 0, 0, 0, 0, 3, 2, 0, 0, 0, 3], "bins": [0.8217412829399109, 0.8252339959144592, 0.8287267684936523, 0.8322194814682007, 0.8357122540473938, 0.8392049670219421, 0.8426977396011353, 0.8461904525756836, 0.8496831655502319, 0.853175938129425, 0.8566686511039734, 0.8601614236831665, 0.8636541366577148, 0.8671468496322632, 0.8706396222114563, 0.8741323351860046, 0.8776251077651978, 0.8811178207397461, 0.8846105933189392, 0.8881033062934875, 0.8915960192680359, 0.895088791847229, 0.8985815048217773, 0.9020742774009705, 0.9055669903755188, 0.9090597629547119, 0.9125524759292603, 0.9160451889038086, 0.9195379614830017, 0.92303067445755, 0.9265234470367432, 0.9300161600112915, 0.9335088729858398, 0.937001645565033, 0.9404943585395813, 0.9439871311187744, 0.9474798440933228, 0.9509726166725159, 0.9544653296470642, 0.9579580426216125, 0.9614508152008057, 0.964943528175354, 0.9684363007545471, 0.9719290137290955, 0.9754217863082886, 0.9789144992828369, 0.9824072122573853, 0.9858999848365784, 0.9893926978111267, 0.9928854703903198, 0.9963781833648682, 0.9998709559440613, 1.0033636093139648, 1.0068564414978027, 1.010349154472351, 1.0138418674468994, 1.0173345804214478, 1.0208274126052856, 1.024320125579834, 1.0278128385543823, 1.0313055515289307, 1.034798264503479, 1.038291096687317, 1.0417838096618652, 1.0452765226364136]}, "Perf/total_fps": 39, "Perf/collection time": 0.9281461238861084, "Perf/learning_time": 0.08671808242797852, "_timestamp": 1742468563, "_runtime": 23, "_step": 17}